name,value,date
Neo4j,6.97,2012-11
Neo4j,6.38,2012-12
Neo4j,6.156000000000001,2013-01
Neo4j,7.117000000000001,2013-02
Neo4j,7.438,2013-03
Neo4j,8.341000000000001,2013-04
Neo4j,8.129,2013-05
Neo4j,8.832,2013-06
Neo4j,8.917,2013-07
Neo4j,9.726,2013-08
Neo4j,10.329,2013-09
Neo4j,10.662,2013-10
Neo4j,10.298,2013-11
Neo4j,13.773,2013-12
Neo4j,14.743,2014-01
Neo4j,17.937,2014-02
Neo4j,18.769000000000002,2014-03
Neo4j,20.555,2014-04
Neo4j,21.461,2014-05
Neo4j,22.5,2014-06
Neo4j,22.248,2014-07
Neo4j,22.91,2014-08
Neo4j,24.223000000000003,2014-09
Neo4j,23.680999999999997,2014-10
Neo4j,24.651,2014-11
Neo4j,25.168000000000003,2014-12
Neo4j,24.424,2015-01
Neo4j,26.8,2015-02
Neo4j,27.622,2015-03
Neo4j,28.418000000000003,2015-04
Neo4j,28.644000000000002,2015-05
Neo4j,30.5,2015-06
Neo4j,31.343000000000004,2015-07
Neo4j,33.157,2015-08
Neo4j,33.54,2015-09
Neo4j,33.412,2015-10
Neo4j,34.044000000000004,2015-11
Neo4j,33.183,2015-12
Neo4j,33.007,2016-01
Neo4j,32.286,2016-02
Neo4j,32.356,2016-03
Neo4j,31.914,2016-04
Neo4j,32.611,2016-05
Neo4j,34.028,2016-06
Neo4j,33.685,2016-07
Neo4j,35.565,2016-08
Neo4j,36.366,2016-09
Neo4j,36.45,2016-10
Neo4j,36.751,2016-11
Neo4j,36.827,2016-12
Neo4j,36.265,2017-01
Neo4j,36.266,2017-02
Neo4j,34.319,2017-03
Neo4j,34.912,2017-04
Neo4j,36.145,2017-05
Neo4j,37.871,2017-06
Neo4j,38.518,2017-07
Neo4j,37.998000000000005,2017-08
Neo4j,38.423,2017-09
Neo4j,37.945,2017-10
Neo4j,38.45,2017-11
Neo4j,38.727,2017-12
Neo4j,39.965,2018-01
Neo4j,39.821999999999996,2018-02
Neo4j,40.9,2018-03
Neo4j,40.898,2018-04
Neo4j,40.583,2018-05
Neo4j,41.973,2018-06
Neo4j,41.878,2018-07
Neo4j,40.923,2018-08
Neo4j,40.098,2018-09
Neo4j,42.653,2018-10
Neo4j,43.12,2018-11
Neo4j,45.556000000000004,2018-12
Neo4j,46.799,2019-01
Neo4j,47.858999999999995,2019-02
Neo4j,48.581,2019-03
Neo4j,49.49,2019-04
Neo4j,51.034,2019-05
Neo4j,49.556999999999995,2019-06
Neo4j,48.98,2019-07
Neo4j,48.391000000000005,2019-08
Neo4j,48.217,2019-09
Neo4j,49.461999999999996,2019-10
Neo4j,50.534,2019-11
Neo4j,50.56,2019-12
Microsoft Azure Cosmos DB,0.0,2012-11
Microsoft Azure Cosmos DB,0.0,2012-12
Microsoft Azure Cosmos DB,0.0,2013-01
Microsoft Azure Cosmos DB,0.0,2013-02
Microsoft Azure Cosmos DB,0.0,2013-03
Microsoft Azure Cosmos DB,0.0,2013-04
Microsoft Azure Cosmos DB,0.0,2013-05
Microsoft Azure Cosmos DB,0.0,2013-06
Microsoft Azure Cosmos DB,0.0,2013-07
Microsoft Azure Cosmos DB,0.0,2013-08
Microsoft Azure Cosmos DB,0.0,2013-09
Microsoft Azure Cosmos DB,0.0,2013-10
Microsoft Azure Cosmos DB,0.0,2013-11
Microsoft Azure Cosmos DB,0.0,2013-12
Microsoft Azure Cosmos DB,0.0,2014-01
Microsoft Azure Cosmos DB,0.0,2014-02
Microsoft Azure Cosmos DB,0.0,2014-03
Microsoft Azure Cosmos DB,0.0,2014-04
Microsoft Azure Cosmos DB,0.0,2014-05
Microsoft Azure Cosmos DB,0.0,2014-06
Microsoft Azure Cosmos DB,0.0,2014-07
Microsoft Azure Cosmos DB,0.0,2014-08
Microsoft Azure Cosmos DB,0.0,2014-09
Microsoft Azure Cosmos DB,0.65,2014-10
Microsoft Azure Cosmos DB,0.644,2014-11
Microsoft Azure Cosmos DB,0.6629999999999999,2014-12
Microsoft Azure Cosmos DB,0.565,2015-01
Microsoft Azure Cosmos DB,0.585,2015-02
Microsoft Azure Cosmos DB,0.6920000000000001,2015-03
Microsoft Azure Cosmos DB,0.823,2015-04
Microsoft Azure Cosmos DB,0.965,2015-05
Microsoft Azure Cosmos DB,1.119,2015-06
Microsoft Azure Cosmos DB,1.298,2015-07
Microsoft Azure Cosmos DB,1.406,2015-08
Microsoft Azure Cosmos DB,1.495,2015-09
Microsoft Azure Cosmos DB,1.555,2015-10
Microsoft Azure Cosmos DB,1.8769999999999998,2015-11
Microsoft Azure Cosmos DB,1.976,2015-12
Microsoft Azure Cosmos DB,2.037,2016-01
Microsoft Azure Cosmos DB,2.123,2016-02
Microsoft Azure Cosmos DB,2.166,2016-03
Microsoft Azure Cosmos DB,2.023,2016-04
Microsoft Azure Cosmos DB,2.301,2016-05
Microsoft Azure Cosmos DB,2.351,2016-06
Microsoft Azure Cosmos DB,2.411,2016-07
Microsoft Azure Cosmos DB,2.55,2016-08
Microsoft Azure Cosmos DB,2.8169999999999997,2016-09
Microsoft Azure Cosmos DB,2.8930000000000002,2016-10
Microsoft Azure Cosmos DB,3.252,2016-11
Microsoft Azure Cosmos DB,3.425,2016-12
Microsoft Azure Cosmos DB,3.512,2017-01
Microsoft Azure Cosmos DB,3.735,2017-02
Microsoft Azure Cosmos DB,3.95,2017-03
Microsoft Azure Cosmos DB,4.279,2017-04
Microsoft Azure Cosmos DB,4.84,2017-05
Microsoft Azure Cosmos DB,6.377000000000001,2017-06
Microsoft Azure Cosmos DB,7.705,2017-07
Microsoft Azure Cosmos DB,9.421,2017-08
Microsoft Azure Cosmos DB,11.228,2017-09
Microsoft Azure Cosmos DB,12.63,2017-10
Microsoft Azure Cosmos DB,13.032,2017-11
Microsoft Azure Cosmos DB,14.133,2017-12
Microsoft Azure Cosmos DB,14.856,2018-01
Microsoft Azure Cosmos DB,16.184,2018-02
Microsoft Azure Cosmos DB,16.756,2018-03
Microsoft Azure Cosmos DB,17.187,2018-04
Microsoft Azure Cosmos DB,17.537,2018-05
Microsoft Azure Cosmos DB,19.197,2018-06
Microsoft Azure Cosmos DB,19.45,2018-07
Microsoft Azure Cosmos DB,19.524,2018-08
Microsoft Azure Cosmos DB,19.177,2018-09
Microsoft Azure Cosmos DB,20.259,2018-10
Microsoft Azure Cosmos DB,22.034000000000002,2018-11
Microsoft Azure Cosmos DB,23.375999999999998,2018-12
Microsoft Azure Cosmos DB,24.384,2019-01
Microsoft Azure Cosmos DB,24.857,2019-02
Microsoft Azure Cosmos DB,24.825,2019-03
Microsoft Azure Cosmos DB,26.276999999999997,2019-04
Microsoft Azure Cosmos DB,27.593000000000004,2019-05
Microsoft Azure Cosmos DB,28.246,2019-06
Microsoft Azure Cosmos DB,29.081,2019-07
Microsoft Azure Cosmos DB,29.936,2019-08
Microsoft Azure Cosmos DB,30.865,2019-09
Microsoft Azure Cosmos DB,31.329,2019-10
Microsoft Azure Cosmos DB,31.979,2019-11
Microsoft Azure Cosmos DB,31.435,2019-12
OrientDB,0.23,2012-11
OrientDB,0.215,2012-12
OrientDB,0.25,2013-01
OrientDB,0.324,2013-02
OrientDB,0.415,2013-03
OrientDB,0.371,2013-04
OrientDB,0.496,2013-05
OrientDB,0.626,2013-06
OrientDB,0.705,2013-07
OrientDB,0.917,2013-08
OrientDB,0.799,2013-09
OrientDB,0.81,2013-10
OrientDB,0.816,2013-11
OrientDB,1.3780000000000001,2013-12
OrientDB,1.6909999999999998,2014-01
OrientDB,2.055,2014-02
OrientDB,1.601,2014-03
OrientDB,1.7009999999999998,2014-04
OrientDB,1.679,2014-05
OrientDB,1.725,2014-06
OrientDB,1.7069999999999999,2014-07
OrientDB,1.7790000000000001,2014-08
OrientDB,1.931,2014-09
OrientDB,2.002,2014-10
OrientDB,2.02,2014-11
OrientDB,2.176,2014-12
OrientDB,2.535,2015-01
OrientDB,2.928,2015-02
OrientDB,3.272,2015-03
OrientDB,3.3739999999999997,2015-04
OrientDB,3.991,2015-05
OrientDB,4.232,2015-06
OrientDB,4.462,2015-07
OrientDB,4.654,2015-08
OrientDB,4.6,2015-09
OrientDB,4.931,2015-10
OrientDB,5.502000000000001,2015-11
OrientDB,5.796,2015-12
OrientDB,6.093999999999999,2016-01
OrientDB,6.422000000000001,2016-02
OrientDB,6.66,2016-03
OrientDB,6.305,2016-04
OrientDB,6.126,2016-05
OrientDB,5.9270000000000005,2016-06
OrientDB,5.835,2016-07
OrientDB,5.965,2016-08
OrientDB,6.396,2016-09
OrientDB,6.247000000000001,2016-10
OrientDB,6.075,2016-11
OrientDB,5.869,2016-12
OrientDB,5.81,2017-01
OrientDB,5.872999999999999,2017-02
OrientDB,5.343,2017-03
OrientDB,5.439,2017-04
OrientDB,5.74,2017-05
OrientDB,5.813,2017-06
OrientDB,5.57,2017-07
OrientDB,5.666,2017-08
OrientDB,5.895,2017-09
OrientDB,6.132000000000001,2017-10
OrientDB,6.104,2017-11
OrientDB,6.752000000000001,2017-12
OrientDB,6.688,2018-01
OrientDB,5.943,2018-02
OrientDB,6.457999999999999,2018-03
OrientDB,5.642,2018-04
OrientDB,5.25,2018-05
OrientDB,5.348,2018-06
OrientDB,5.391,2018-07
OrientDB,4.91,2018-08
OrientDB,5.476,2018-09
OrientDB,5.68,2018-10
OrientDB,5.7989999999999995,2018-11
OrientDB,6.08,2018-12
OrientDB,5.74,2019-01
OrientDB,6.047999999999999,2019-02
OrientDB,6.132000000000001,2019-03
OrientDB,6.192,2019-04
OrientDB,6.371,2019-05
OrientDB,5.593999999999999,2019-06
OrientDB,5.695,2019-07
OrientDB,6.284,2019-08
OrientDB,5.061,2019-09
OrientDB,5.135,2019-10
OrientDB,5.385,2019-11
OrientDB,4.926,2019-12
ArangoDB,0.005,2012-11
ArangoDB,0.005,2012-12
ArangoDB,0.005,2013-01
ArangoDB,0.005,2013-02
ArangoDB,0.005,2013-03
ArangoDB,0.005,2013-04
ArangoDB,0.005,2013-05
ArangoDB,0.005,2013-06
ArangoDB,0.005,2013-07
ArangoDB,0.005,2013-08
ArangoDB,0.005,2013-09
ArangoDB,0.005,2013-10
ArangoDB,0.005,2013-11
ArangoDB,0.02,2013-12
ArangoDB,0.071,2014-01
ArangoDB,0.065,2014-02
ArangoDB,0.102,2014-03
ArangoDB,0.08800000000000001,2014-04
ArangoDB,0.068,2014-05
ArangoDB,0.2,2014-06
ArangoDB,0.233,2014-07
ArangoDB,0.26,2014-08
ArangoDB,0.252,2014-09
ArangoDB,0.23,2014-10
ArangoDB,0.31,2014-11
ArangoDB,0.475,2014-12
ArangoDB,0.621,2015-01
ArangoDB,0.735,2015-02
ArangoDB,0.8320000000000001,2015-03
ArangoDB,0.972,2015-04
ArangoDB,1.0979999999999999,2015-05
ArangoDB,1.2009999999999998,2015-06
ArangoDB,1.294,2015-07
ArangoDB,1.3880000000000001,2015-08
ArangoDB,1.36,2015-09
ArangoDB,1.4769999999999999,2015-10
ArangoDB,1.61,2015-11
ArangoDB,1.3769999999999998,2015-12
ArangoDB,1.412,2016-01
ArangoDB,1.4480000000000002,2016-02
ArangoDB,1.676,2016-03
ArangoDB,1.51,2016-04
ArangoDB,1.564,2016-05
ArangoDB,1.6569999999999998,2016-06
ArangoDB,1.7530000000000001,2016-07
ArangoDB,1.9340000000000002,2016-08
ArangoDB,2.13,2016-09
ArangoDB,2.155,2016-10
ArangoDB,2.2769999999999997,2016-11
ArangoDB,2.39,2016-12
ArangoDB,2.414,2017-01
ArangoDB,2.484,2017-02
ArangoDB,2.381,2017-03
ArangoDB,2.612,2017-04
ArangoDB,2.957,2017-05
ArangoDB,3.0839999999999996,2017-06
ArangoDB,2.96,2017-07
ArangoDB,2.923,2017-08
ArangoDB,2.997,2017-09
ArangoDB,3.1510000000000002,2017-10
ArangoDB,3.1460000000000004,2017-11
ArangoDB,3.611,2017-12
ArangoDB,3.8089999999999997,2018-01
ArangoDB,3.472,2018-02
ArangoDB,4.118,2018-03
ArangoDB,3.802,2018-04
ArangoDB,3.7030000000000003,2018-05
ArangoDB,3.522,2018-06
ArangoDB,3.452,2018-07
ArangoDB,3.338,2018-08
ArangoDB,4.048,2018-09
ArangoDB,4.247,2018-10
ArangoDB,4.149,2018-11
ArangoDB,4.2780000000000005,2018-12
ArangoDB,4.283,2019-01
ArangoDB,4.357,2019-02
ArangoDB,4.2589999999999995,2019-03
ArangoDB,4.293,2019-04
ArangoDB,4.794,2019-05
ArangoDB,4.574,2019-06
ArangoDB,4.664,2019-07
ArangoDB,5.121,2019-08
ArangoDB,4.36,2019-09
ArangoDB,4.879,2019-10
ArangoDB,5.0169999999999995,2019-11
ArangoDB,4.875,2019-12
Virtuoso,1.05,2012-11
Virtuoso,1.78,2012-12
Virtuoso,1.901,2013-01
Virtuoso,1.791,2013-02
Virtuoso,1.847,2013-03
Virtuoso,1.965,2013-04
Virtuoso,1.703,2013-05
Virtuoso,2.174,2013-06
Virtuoso,2.0180000000000002,2013-07
Virtuoso,2.141,2013-08
Virtuoso,2.119,2013-09
Virtuoso,2.076,2013-10
Virtuoso,2.125,2013-11
Virtuoso,2.293,2013-12
Virtuoso,2.252,2014-01
Virtuoso,2.485,2014-02
Virtuoso,2.2769999999999997,2014-03
Virtuoso,2.3680000000000003,2014-04
Virtuoso,2.356,2014-05
Virtuoso,2.448,2014-06
Virtuoso,2.392,2014-07
Virtuoso,2.468,2014-08
Virtuoso,2.6310000000000002,2014-09
Virtuoso,2.8930000000000002,2014-10
Virtuoso,2.863,2014-11
Virtuoso,2.905,2014-12
Virtuoso,3.003,2015-01
Virtuoso,2.983,2015-02
Virtuoso,2.822,2015-03
Virtuoso,2.825,2015-04
Virtuoso,3.0610000000000004,2015-05
Virtuoso,3.016,2015-06
Virtuoso,3.065,2015-07
Virtuoso,3.716,2015-08
Virtuoso,3.2089999999999996,2015-09
Virtuoso,3.342,2015-10
Virtuoso,3.5580000000000003,2015-11
Virtuoso,3.19,2015-12
Virtuoso,3.0380000000000003,2016-01
Virtuoso,2.988,2016-02
Virtuoso,2.8169999999999997,2016-03
Virtuoso,2.392,2016-04
Virtuoso,2.147,2016-05
Virtuoso,2.119,2016-06
Virtuoso,2.3080000000000003,2016-07
Virtuoso,2.399,2016-08
Virtuoso,2.497,2016-09
Virtuoso,2.69,2016-10
Virtuoso,2.557,2016-11
Virtuoso,2.484,2016-12
Virtuoso,2.374,2017-01
Virtuoso,2.141,2017-02
Virtuoso,1.975,2017-03
Virtuoso,1.8659999999999999,2017-04
Virtuoso,2.06,2017-05
Virtuoso,2.002,2017-06
Virtuoso,1.993,2017-07
Virtuoso,1.982,2017-08
Virtuoso,1.891,2017-09
Virtuoso,1.859,2017-10
Virtuoso,1.8840000000000001,2017-11
Virtuoso,1.8119999999999998,2017-12
Virtuoso,1.8359999999999999,2018-01
Virtuoso,1.8319999999999999,2018-02
Virtuoso,1.824,2018-03
Virtuoso,1.801,2018-04
Virtuoso,1.794,2018-05
Virtuoso,1.7819999999999998,2018-06
Virtuoso,1.994,2018-07
Virtuoso,2.049,2018-08
Virtuoso,2.059,2018-09
Virtuoso,2.195,2018-10
Virtuoso,2.375,2018-11
Virtuoso,2.48,2018-12
Virtuoso,2.648,2019-01
Virtuoso,2.938,2019-02
Virtuoso,3.197,2019-03
Virtuoso,3.315,2019-04
Virtuoso,3.32,2019-05
Virtuoso,3.111,2019-06
Virtuoso,3.1239999999999997,2019-07
Virtuoso,3.0589999999999997,2019-08
Virtuoso,2.795,2019-09
Virtuoso,2.727,2019-10
Virtuoso,2.634,2019-11
Virtuoso,2.637,2019-12
JanusGraph,0.0,2012-11
JanusGraph,0.0,2012-12
JanusGraph,0.0,2013-01
JanusGraph,0.0,2013-02
JanusGraph,0.0,2013-03
JanusGraph,0.0,2013-04
JanusGraph,0.0,2013-05
JanusGraph,0.0,2013-06
JanusGraph,0.0,2013-07
JanusGraph,0.0,2013-08
JanusGraph,0.0,2013-09
JanusGraph,0.0,2013-10
JanusGraph,0.0,2013-11
JanusGraph,0.0,2013-12
JanusGraph,0.0,2014-01
JanusGraph,0.0,2014-02
JanusGraph,0.0,2014-03
JanusGraph,0.0,2014-04
JanusGraph,0.0,2014-05
JanusGraph,0.0,2014-06
JanusGraph,0.0,2014-07
JanusGraph,0.0,2014-08
JanusGraph,0.0,2014-09
JanusGraph,0.0,2014-10
JanusGraph,0.0,2014-11
JanusGraph,0.0,2014-12
JanusGraph,0.0,2015-01
JanusGraph,0.0,2015-02
JanusGraph,0.0,2015-03
JanusGraph,0.0,2015-04
JanusGraph,0.0,2015-05
JanusGraph,0.0,2015-06
JanusGraph,0.0,2015-07
JanusGraph,0.0,2015-08
JanusGraph,0.0,2015-09
JanusGraph,0.0,2015-10
JanusGraph,0.0,2015-11
JanusGraph,0.0,2015-12
JanusGraph,0.0,2016-01
JanusGraph,0.0,2016-02
JanusGraph,0.0,2016-03
JanusGraph,0.0,2016-04
JanusGraph,0.0,2016-05
JanusGraph,0.0,2016-06
JanusGraph,0.0,2016-07
JanusGraph,0.0,2016-08
JanusGraph,0.0,2016-09
JanusGraph,0.0,2016-10
JanusGraph,0.0,2016-11
JanusGraph,0.0,2016-12
JanusGraph,0.0,2017-01
JanusGraph,0.0,2017-02
JanusGraph,0.0,2017-03
JanusGraph,0.0,2017-04
JanusGraph,0.11900000000000001,2017-05
JanusGraph,0.122,2017-06
JanusGraph,0.228,2017-07
JanusGraph,0.226,2017-08
JanusGraph,0.22,2017-09
JanusGraph,0.244,2017-10
JanusGraph,0.261,2017-11
JanusGraph,0.314,2017-12
JanusGraph,0.418,2018-01
JanusGraph,0.215,2018-02
JanusGraph,0.301,2018-03
JanusGraph,0.293,2018-04
JanusGraph,0.408,2018-05
JanusGraph,0.359,2018-06
JanusGraph,0.499,2018-07
JanusGraph,0.539,2018-08
JanusGraph,0.902,2018-09
JanusGraph,1.014,2018-10
JanusGraph,1.1159999999999999,2018-11
JanusGraph,1.2570000000000001,2018-12
JanusGraph,1.256,2019-01
JanusGraph,1.23,2019-02
JanusGraph,1.3259999999999998,2019-03
JanusGraph,1.382,2019-04
JanusGraph,1.624,2019-05
JanusGraph,1.5519999999999998,2019-06
JanusGraph,1.67,2019-07
JanusGraph,1.9409999999999998,2019-08
JanusGraph,1.454,2019-09
JanusGraph,1.6480000000000001,2019-10
JanusGraph,1.796,2019-11
JanusGraph,1.749,2019-12
Amazon Neptune,0.0,2012-11
Amazon Neptune,0.0,2012-12
Amazon Neptune,0.0,2013-01
Amazon Neptune,0.0,2013-02
Amazon Neptune,0.0,2013-03
Amazon Neptune,0.0,2013-04
Amazon Neptune,0.0,2013-05
Amazon Neptune,0.0,2013-06
Amazon Neptune,0.0,2013-07
Amazon Neptune,0.0,2013-08
Amazon Neptune,0.0,2013-09
Amazon Neptune,0.0,2013-10
Amazon Neptune,0.0,2013-11
Amazon Neptune,0.0,2013-12
Amazon Neptune,0.0,2014-01
Amazon Neptune,0.0,2014-02
Amazon Neptune,0.0,2014-03
Amazon Neptune,0.0,2014-04
Amazon Neptune,0.0,2014-05
Amazon Neptune,0.0,2014-06
Amazon Neptune,0.0,2014-07
Amazon Neptune,0.0,2014-08
Amazon Neptune,0.0,2014-09
Amazon Neptune,0.0,2014-10
Amazon Neptune,0.0,2014-11
Amazon Neptune,0.0,2014-12
Amazon Neptune,0.0,2015-01
Amazon Neptune,0.0,2015-02
Amazon Neptune,0.0,2015-03
Amazon Neptune,0.0,2015-04
Amazon Neptune,0.0,2015-05
Amazon Neptune,0.0,2015-06
Amazon Neptune,0.0,2015-07
Amazon Neptune,0.0,2015-08
Amazon Neptune,0.0,2015-09
Amazon Neptune,0.0,2015-10
Amazon Neptune,0.0,2015-11
Amazon Neptune,0.0,2015-12
Amazon Neptune,0.0,2016-01
Amazon Neptune,0.0,2016-02
Amazon Neptune,0.0,2016-03
Amazon Neptune,0.0,2016-04
Amazon Neptune,0.0,2016-05
Amazon Neptune,0.0,2016-06
Amazon Neptune,0.0,2016-07
Amazon Neptune,0.0,2016-08
Amazon Neptune,0.0,2016-09
Amazon Neptune,0.0,2016-10
Amazon Neptune,0.0,2016-11
Amazon Neptune,0.0,2016-12
Amazon Neptune,0.0,2017-01
Amazon Neptune,0.0,2017-02
Amazon Neptune,0.0,2017-03
Amazon Neptune,0.0,2017-04
Amazon Neptune,0.0,2017-05
Amazon Neptune,0.0,2017-06
Amazon Neptune,0.0,2017-07
Amazon Neptune,0.0,2017-08
Amazon Neptune,0.0,2017-09
Amazon Neptune,0.0,2017-10
Amazon Neptune,0.0,2017-11
Amazon Neptune,0.0,2017-12
Amazon Neptune,0.812,2018-01
Amazon Neptune,0.752,2018-02
Amazon Neptune,0.703,2018-03
Amazon Neptune,0.6890000000000001,2018-04
Amazon Neptune,0.706,2018-05
Amazon Neptune,0.672,2018-06
Amazon Neptune,0.773,2018-07
Amazon Neptune,0.809,2018-08
Amazon Neptune,1.123,2018-09
Amazon Neptune,1.097,2018-10
Amazon Neptune,1.056,2018-11
Amazon Neptune,1.225,2018-12
Amazon Neptune,1.065,2019-01
Amazon Neptune,1.0590000000000002,2019-02
Amazon Neptune,1.032,2019-03
Amazon Neptune,1.39,2019-04
Amazon Neptune,1.325,2019-05
Amazon Neptune,1.239,2019-06
Amazon Neptune,1.3880000000000001,2019-07
Amazon Neptune,1.6380000000000001,2019-08
Amazon Neptune,1.2,2019-09
Amazon Neptune,1.369,2019-10
Amazon Neptune,1.6019999999999999,2019-11
Amazon Neptune,1.574,2019-12
GraphDB,0.0,2012-11
GraphDB,0.0,2012-12
GraphDB,0.0,2013-01
GraphDB,0.0,2013-02
GraphDB,0.0,2013-03
GraphDB,0.0,2013-04
GraphDB,0.0,2013-05
GraphDB,0.0,2013-06
GraphDB,0.0,2013-07
GraphDB,0.0,2013-08
GraphDB,0.0,2013-09
GraphDB,0.0,2013-10
GraphDB,0.0,2013-11
GraphDB,0.0,2013-12
GraphDB,0.12,2014-01
GraphDB,0.127,2014-02
GraphDB,0.11199999999999999,2014-03
GraphDB,0.121,2014-04
GraphDB,0.129,2014-05
GraphDB,0.132,2014-06
GraphDB,0.141,2014-07
GraphDB,0.138,2014-08
GraphDB,0.13699999999999998,2014-09
GraphDB,0.166,2014-10
GraphDB,0.161,2014-11
GraphDB,0.165,2014-12
GraphDB,0.165,2015-01
GraphDB,0.16899999999999998,2015-02
GraphDB,0.17,2015-03
GraphDB,0.17,2015-04
GraphDB,0.121,2015-05
GraphDB,0.03,2015-06
GraphDB,0.1,2015-07
GraphDB,0.067,2015-08
GraphDB,0.057999999999999996,2015-09
GraphDB,0.042,2015-10
GraphDB,0.10099999999999999,2015-11
GraphDB,0.12300000000000001,2015-12
GraphDB,0.095,2016-01
GraphDB,0.098,2016-02
GraphDB,0.078,2016-03
GraphDB,0.062,2016-04
GraphDB,0.081,2016-05
GraphDB,0.13699999999999998,2016-06
GraphDB,0.175,2016-07
GraphDB,0.17300000000000001,2016-08
GraphDB,0.16,2016-09
GraphDB,0.21100000000000002,2016-10
GraphDB,0.184,2016-11
GraphDB,0.221,2016-12
GraphDB,0.31,2017-01
GraphDB,0.355,2017-02
GraphDB,0.39899999999999997,2017-03
GraphDB,0.423,2017-04
GraphDB,0.502,2017-05
GraphDB,0.52,2017-06
GraphDB,0.5329999999999999,2017-07
GraphDB,0.569,2017-08
GraphDB,0.614,2017-09
GraphDB,0.642,2017-10
GraphDB,0.743,2017-11
GraphDB,0.578,2017-12
GraphDB,0.496,2018-01
GraphDB,0.425,2018-02
GraphDB,0.452,2018-03
GraphDB,0.46399999999999997,2018-04
GraphDB,0.46299999999999997,2018-05
GraphDB,0.39299999999999996,2018-06
GraphDB,0.49700000000000005,2018-07
GraphDB,0.5710000000000001,2018-08
GraphDB,0.632,2018-09
GraphDB,0.6509999999999999,2018-10
GraphDB,0.685,2018-11
GraphDB,0.718,2018-12
GraphDB,0.8109999999999999,2019-01
GraphDB,0.8640000000000001,2019-02
GraphDB,0.929,2019-03
GraphDB,0.97,2019-04
GraphDB,1.032,2019-05
GraphDB,1.087,2019-06
GraphDB,1.113,2019-07
GraphDB,1.1440000000000001,2019-08
GraphDB,1.103,2019-09
GraphDB,1.112,2019-10
GraphDB,1.133,2019-11
GraphDB,1.147,2019-12
Giraph,0.0,2012-11
Giraph,0.0,2012-12
Giraph,0.0,2013-01
Giraph,0.0,2013-02
Giraph,0.0,2013-03
Giraph,0.0,2013-04
Giraph,0.0,2013-05
Giraph,0.0,2013-06
Giraph,0.0,2013-07
Giraph,0.0,2013-08
Giraph,0.0,2013-09
Giraph,0.0,2013-10
Giraph,0.0,2013-11
Giraph,0.0,2013-12
Giraph,0.23399999999999999,2014-01
Giraph,0.243,2014-02
Giraph,0.24600000000000002,2014-03
Giraph,0.302,2014-04
Giraph,0.36700000000000005,2014-05
Giraph,0.406,2014-06
Giraph,0.40299999999999997,2014-07
Giraph,0.40299999999999997,2014-08
Giraph,0.38,2014-09
Giraph,0.409,2014-10
Giraph,0.47100000000000003,2014-11
Giraph,0.5579999999999999,2014-12
Giraph,0.7559999999999999,2015-01
Giraph,0.789,2015-02
Giraph,0.8220000000000001,2015-03
Giraph,0.831,2015-04
Giraph,0.7829999999999999,2015-05
Giraph,0.924,2015-06
Giraph,1.034,2015-07
Giraph,0.982,2015-08
Giraph,1.048,2015-09
Giraph,0.925,2015-10
Giraph,0.9229999999999999,2015-11
Giraph,0.907,2015-12
Giraph,0.927,2016-01
Giraph,0.983,2016-02
Giraph,0.873,2016-03
Giraph,0.855,2016-04
Giraph,0.889,2016-05
Giraph,0.898,2016-06
Giraph,0.895,2016-07
Giraph,0.95,2016-08
Giraph,1.1179999999999999,2016-09
Giraph,0.951,2016-10
Giraph,0.976,2016-11
Giraph,1.034,2016-12
Giraph,1.036,2017-01
Giraph,1.028,2017-02
Giraph,1.058,2017-03
Giraph,1.021,2017-04
Giraph,1.084,2017-05
Giraph,1.048,2017-06
Giraph,1.052,2017-07
Giraph,1.047,2017-08
Giraph,1.065,2017-09
Giraph,1.034,2017-10
Giraph,1.022,2017-11
Giraph,1.092,2017-12
Giraph,1.1059999999999999,2018-01
Giraph,1.012,2018-02
Giraph,1.0759999999999998,2018-03
Giraph,1.036,2018-04
Giraph,0.977,2018-05
Giraph,0.965,2018-06
Giraph,0.995,2018-07
Giraph,0.9890000000000001,2018-08
Giraph,1.018,2018-09
Giraph,1.111,2018-10
Giraph,1.109,2018-11
Giraph,0.995,2018-12
Giraph,1.002,2019-01
Giraph,1.01,2019-02
Giraph,1.045,2019-03
Giraph,1.2009999999999998,2019-04
Giraph,1.18,2019-05
Giraph,1.084,2019-06
Giraph,1.057,2019-07
Giraph,1.2570000000000001,2019-08
Giraph,1.0270000000000001,2019-09
Giraph,1.021,2019-10
Giraph,1.008,2019-11
Giraph,1.0390000000000001,2019-12
TigerGraph,0.0,2012-11
TigerGraph,0.0,2012-12
TigerGraph,0.0,2013-01
TigerGraph,0.0,2013-02
TigerGraph,0.0,2013-03
TigerGraph,0.0,2013-04
TigerGraph,0.0,2013-05
TigerGraph,0.0,2013-06
TigerGraph,0.0,2013-07
TigerGraph,0.0,2013-08
TigerGraph,0.0,2013-09
TigerGraph,0.0,2013-10
TigerGraph,0.0,2013-11
TigerGraph,0.0,2013-12
TigerGraph,0.0,2014-01
TigerGraph,0.0,2014-02
TigerGraph,0.0,2014-03
TigerGraph,0.0,2014-04
TigerGraph,0.0,2014-05
TigerGraph,0.0,2014-06
TigerGraph,0.0,2014-07
TigerGraph,0.0,2014-08
TigerGraph,0.0,2014-09
TigerGraph,0.0,2014-10
TigerGraph,0.0,2014-11
TigerGraph,0.0,2014-12
TigerGraph,0.0,2015-01
TigerGraph,0.0,2015-02
TigerGraph,0.0,2015-03
TigerGraph,0.0,2015-04
TigerGraph,0.0,2015-05
TigerGraph,0.0,2015-06
TigerGraph,0.0,2015-07
TigerGraph,0.0,2015-08
TigerGraph,0.0,2015-09
TigerGraph,0.0,2015-10
TigerGraph,0.0,2015-11
TigerGraph,0.0,2015-12
TigerGraph,0.0,2016-01
TigerGraph,0.0,2016-02
TigerGraph,0.0,2016-03
TigerGraph,0.0,2016-04
TigerGraph,0.0,2016-05
TigerGraph,0.0,2016-06
TigerGraph,0.0,2016-07
TigerGraph,0.0,2016-08
TigerGraph,0.0,2016-09
TigerGraph,0.0,2016-10
TigerGraph,0.0,2016-11
TigerGraph,0.0,2016-12
TigerGraph,0.0,2017-01
TigerGraph,0.0,2017-02
TigerGraph,0.0,2017-03
TigerGraph,0.0,2017-04
TigerGraph,0.0,2017-05
TigerGraph,0.0,2017-06
TigerGraph,0.0,2017-07
TigerGraph,0.0,2017-08
TigerGraph,0.0,2017-09
TigerGraph,0.0,2017-10
TigerGraph,0.0,2017-11
TigerGraph,0.0,2017-12
TigerGraph,0.161,2018-01
TigerGraph,0.134,2018-02
TigerGraph,0.111,2018-03
TigerGraph,0.171,2018-04
TigerGraph,0.166,2018-05
TigerGraph,0.168,2018-06
TigerGraph,0.192,2018-07
TigerGraph,0.204,2018-08
TigerGraph,0.222,2018-09
TigerGraph,0.341,2018-10
TigerGraph,0.41600000000000004,2018-11
TigerGraph,0.47700000000000004,2018-12
TigerGraph,0.595,2019-01
TigerGraph,0.6779999999999999,2019-02
TigerGraph,0.8079999999999999,2019-03
TigerGraph,0.81,2019-04
TigerGraph,0.698,2019-05
TigerGraph,0.721,2019-06
TigerGraph,0.757,2019-07
TigerGraph,0.9740000000000001,2019-08
TigerGraph,0.851,2019-09
TigerGraph,0.94,2019-10
TigerGraph,1.014,2019-11
TigerGraph,0.965,2019-12
Dgraph,0.0,2012-11
Dgraph,0.0,2012-12
Dgraph,0.0,2013-01
Dgraph,0.0,2013-02
Dgraph,0.0,2013-03
Dgraph,0.0,2013-04
Dgraph,0.0,2013-05
Dgraph,0.0,2013-06
Dgraph,0.0,2013-07
Dgraph,0.0,2013-08
Dgraph,0.0,2013-09
Dgraph,0.0,2013-10
Dgraph,0.0,2013-11
Dgraph,0.0,2013-12
Dgraph,0.0,2014-01
Dgraph,0.0,2014-02
Dgraph,0.0,2014-03
Dgraph,0.0,2014-04
Dgraph,0.0,2014-05
Dgraph,0.0,2014-06
Dgraph,0.0,2014-07
Dgraph,0.0,2014-08
Dgraph,0.0,2014-09
Dgraph,0.0,2014-10
Dgraph,0.0,2014-11
Dgraph,0.0,2014-12
Dgraph,0.0,2015-01
Dgraph,0.0,2015-02
Dgraph,0.0,2015-03
Dgraph,0.0,2015-04
Dgraph,0.0,2015-05
Dgraph,0.0,2015-06
Dgraph,0.0,2015-07
Dgraph,0.0,2015-08
Dgraph,0.0,2015-09
Dgraph,0.0,2015-10
Dgraph,0.0,2015-11
Dgraph,0.0,2015-12
Dgraph,0.0,2016-01
Dgraph,0.0,2016-02
Dgraph,0.0,2016-03
Dgraph,0.0,2016-04
Dgraph,0.0,2016-05
Dgraph,0.0,2016-06
Dgraph,0.0,2016-07
Dgraph,0.145,2016-08
Dgraph,0.204,2016-09
Dgraph,0.13,2016-10
Dgraph,0.12,2016-11
Dgraph,0.128,2016-12
Dgraph,0.13,2017-01
Dgraph,0.191,2017-02
Dgraph,0.213,2017-03
Dgraph,0.225,2017-04
Dgraph,0.292,2017-05
Dgraph,0.293,2017-06
Dgraph,0.278,2017-07
Dgraph,0.26899999999999996,2017-08
Dgraph,0.275,2017-09
Dgraph,0.235,2017-10
Dgraph,0.16899999999999998,2017-11
Dgraph,0.174,2017-12
Dgraph,0.226,2018-01
Dgraph,0.15,2018-02
Dgraph,0.126,2018-03
Dgraph,0.13699999999999998,2018-04
Dgraph,0.14,2018-05
Dgraph,0.113,2018-06
Dgraph,0.163,2018-07
Dgraph,0.23600000000000002,2018-08
Dgraph,0.41,2018-09
Dgraph,0.46799999999999997,2018-10
Dgraph,0.506,2018-11
Dgraph,0.584,2018-12
Dgraph,0.652,2019-01
Dgraph,0.708,2019-02
Dgraph,0.6940000000000001,2019-03
Dgraph,1.081,2019-04
Dgraph,1.034,2019-05
Dgraph,0.885,2019-06
Dgraph,0.946,2019-07
Dgraph,1.306,2019-08
Dgraph,0.9620000000000001,2019-09
Dgraph,1.0659999999999998,2019-10
Dgraph,1.038,2019-11
Dgraph,0.95,2019-12
AllegroGraph,0.0,2012-11
AllegroGraph,0.0,2012-12
AllegroGraph,0.159,2013-01
AllegroGraph,0.146,2013-02
AllegroGraph,0.147,2013-03
AllegroGraph,0.132,2013-04
AllegroGraph,0.124,2013-05
AllegroGraph,0.127,2013-06
AllegroGraph,0.14,2013-07
AllegroGraph,0.155,2013-08
AllegroGraph,0.273,2013-09
AllegroGraph,0.264,2013-10
AllegroGraph,0.34299999999999997,2013-11
AllegroGraph,0.312,2013-12
AllegroGraph,0.37,2014-01
AllegroGraph,0.37799999999999995,2014-02
AllegroGraph,0.37799999999999995,2014-03
AllegroGraph,0.425,2014-04
AllegroGraph,0.4,2014-05
AllegroGraph,0.515,2014-06
AllegroGraph,0.56,2014-07
AllegroGraph,0.6970000000000001,2014-08
AllegroGraph,0.7040000000000001,2014-09
AllegroGraph,0.747,2014-10
AllegroGraph,0.608,2014-11
AllegroGraph,0.515,2014-12
AllegroGraph,0.547,2015-01
AllegroGraph,0.564,2015-02
AllegroGraph,0.732,2015-03
AllegroGraph,0.785,2015-04
AllegroGraph,0.784,2015-05
AllegroGraph,0.777,2015-06
AllegroGraph,0.742,2015-07
AllegroGraph,0.8590000000000001,2015-08
AllegroGraph,0.8109999999999999,2015-09
AllegroGraph,0.898,2015-10
AllegroGraph,0.9059999999999999,2015-11
AllegroGraph,0.754,2015-12
AllegroGraph,0.7020000000000001,2016-01
AllegroGraph,0.657,2016-02
AllegroGraph,0.652,2016-03
AllegroGraph,0.5770000000000001,2016-04
AllegroGraph,0.499,2016-05
AllegroGraph,0.474,2016-06
AllegroGraph,0.46799999999999997,2016-07
AllegroGraph,0.462,2016-08
AllegroGraph,0.511,2016-09
AllegroGraph,0.465,2016-10
AllegroGraph,0.478,2016-11
AllegroGraph,0.47,2016-12
AllegroGraph,0.462,2017-01
AllegroGraph,0.478,2017-02
AllegroGraph,0.48,2017-03
AllegroGraph,0.489,2017-04
AllegroGraph,0.599,2017-05
AllegroGraph,0.605,2017-06
AllegroGraph,0.609,2017-07
AllegroGraph,0.632,2017-08
AllegroGraph,0.638,2017-09
AllegroGraph,0.615,2017-10
AllegroGraph,0.597,2017-11
AllegroGraph,0.5920000000000001,2017-12
AllegroGraph,0.583,2018-01
AllegroGraph,0.633,2018-02
AllegroGraph,0.638,2018-03
AllegroGraph,0.578,2018-04
AllegroGraph,0.579,2018-05
AllegroGraph,0.5529999999999999,2018-06
AllegroGraph,0.59,2018-07
AllegroGraph,0.581,2018-08
AllegroGraph,0.598,2018-09
AllegroGraph,0.6579999999999999,2018-10
AllegroGraph,0.667,2018-11
AllegroGraph,0.9109999999999999,2018-12
AllegroGraph,0.9129999999999999,2019-01
AllegroGraph,0.883,2019-02
AllegroGraph,0.875,2019-03
AllegroGraph,0.892,2019-04
AllegroGraph,0.9109999999999999,2019-05
AllegroGraph,0.9279999999999999,2019-06
AllegroGraph,0.951,2019-07
AllegroGraph,0.8859999999999999,2019-08
AllegroGraph,0.875,2019-09
AllegroGraph,0.8809999999999999,2019-10
AllegroGraph,0.873,2019-11
AllegroGraph,0.8740000000000001,2019-12
Stardog,0.0,2012-11
Stardog,0.052000000000000005,2012-12
Stardog,0.065,2013-01
Stardog,0.03,2013-02
Stardog,0.026000000000000002,2013-03
Stardog,0.021,2013-04
Stardog,0.009000000000000001,2013-05
Stardog,0.055999999999999994,2013-06
Stardog,0.114,2013-07
Stardog,0.154,2013-08
Stardog,0.2,2013-09
Stardog,0.153,2013-10
Stardog,0.14400000000000002,2013-11
Stardog,0.057999999999999996,2013-12
Stardog,0.087,2014-01
Stardog,0.121,2014-02
Stardog,0.086,2014-03
Stardog,0.11199999999999999,2014-04
Stardog,0.085,2014-05
Stardog,0.096,2014-06
Stardog,0.102,2014-07
Stardog,0.10800000000000001,2014-08
Stardog,0.115,2014-09
Stardog,0.13,2014-10
Stardog,0.134,2014-11
Stardog,0.114,2014-12
Stardog,0.132,2015-01
Stardog,0.134,2015-02
Stardog,0.134,2015-03
Stardog,0.185,2015-04
Stardog,0.24600000000000002,2015-05
Stardog,0.32,2015-06
Stardog,0.364,2015-07
Stardog,0.44799999999999995,2015-08
Stardog,0.41600000000000004,2015-09
Stardog,0.528,2015-10
Stardog,0.544,2015-11
Stardog,0.451,2015-12
Stardog,0.5,2016-01
Stardog,0.537,2016-02
Stardog,0.585,2016-03
Stardog,0.578,2016-04
Stardog,0.545,2016-05
Stardog,0.529,2016-06
Stardog,0.46299999999999997,2016-07
Stardog,0.539,2016-08
Stardog,0.6,2016-09
Stardog,0.43,2016-10
Stardog,0.536,2016-11
Stardog,0.522,2016-12
Stardog,0.525,2017-01
Stardog,0.455,2017-02
Stardog,0.379,2017-03
Stardog,0.40700000000000003,2017-04
Stardog,0.508,2017-05
Stardog,0.54,2017-06
Stardog,0.5529999999999999,2017-07
Stardog,0.569,2017-08
Stardog,0.5770000000000001,2017-09
Stardog,0.539,2017-10
Stardog,0.544,2017-11
Stardog,0.512,2017-12
Stardog,0.513,2018-01
Stardog,0.522,2018-02
Stardog,0.535,2018-03
Stardog,0.529,2018-04
Stardog,0.511,2018-05
Stardog,0.49700000000000005,2018-06
Stardog,0.524,2018-07
Stardog,0.529,2018-08
Stardog,0.5379999999999999,2018-09
Stardog,0.5660000000000001,2018-10
Stardog,0.532,2018-11
Stardog,0.532,2018-12
Stardog,0.633,2019-01
Stardog,0.688,2019-02
Stardog,0.7709999999999999,2019-03
Stardog,0.815,2019-04
Stardog,0.747,2019-05
Stardog,0.716,2019-06
Stardog,0.728,2019-07
Stardog,0.8909999999999999,2019-08
Stardog,0.72,2019-09
Stardog,0.762,2019-10
Stardog,0.765,2019-11
Stardog,0.784,2019-12
FaunaDB,0.0,2012-11
FaunaDB,0.0,2012-12
FaunaDB,0.0,2013-01
FaunaDB,0.0,2013-02
FaunaDB,0.0,2013-03
FaunaDB,0.0,2013-04
FaunaDB,0.0,2013-05
FaunaDB,0.0,2013-06
FaunaDB,0.0,2013-07
FaunaDB,0.0,2013-08
FaunaDB,0.0,2013-09
FaunaDB,0.0,2013-10
FaunaDB,0.0,2013-11
FaunaDB,0.0,2013-12
FaunaDB,0.0,2014-01
FaunaDB,0.0,2014-02
FaunaDB,0.0,2014-03
FaunaDB,0.0,2014-04
FaunaDB,0.0,2014-05
FaunaDB,0.0,2014-06
FaunaDB,0.0,2014-07
FaunaDB,0.0,2014-08
FaunaDB,0.0,2014-09
FaunaDB,0.0,2014-10
FaunaDB,0.0,2014-11
FaunaDB,0.0,2014-12
FaunaDB,0.0,2015-01
FaunaDB,0.0,2015-02
FaunaDB,0.0,2015-03
FaunaDB,0.0,2015-04
FaunaDB,0.0,2015-05
FaunaDB,0.0,2015-06
FaunaDB,0.0,2015-07
FaunaDB,0.0,2015-08
FaunaDB,0.0,2015-09
FaunaDB,0.0,2015-10
FaunaDB,0.0,2015-11
FaunaDB,0.0,2015-12
FaunaDB,0.0,2016-01
FaunaDB,0.005,2016-02
FaunaDB,0.005,2016-03
FaunaDB,0.005,2016-04
FaunaDB,0.005,2016-05
FaunaDB,0.005,2016-06
FaunaDB,0.005,2016-07
FaunaDB,0.005,2016-08
FaunaDB,0.005,2016-09
FaunaDB,0.005,2016-10
FaunaDB,0.005,2016-11
FaunaDB,0.005,2016-12
FaunaDB,0.005,2017-01
FaunaDB,0.005,2017-02
FaunaDB,0.005,2017-03
FaunaDB,0.025,2017-04
FaunaDB,0.067,2017-05
FaunaDB,0.091,2017-06
FaunaDB,0.127,2017-07
FaunaDB,0.146,2017-08
FaunaDB,0.165,2017-09
FaunaDB,0.182,2017-10
FaunaDB,0.16699999999999998,2017-11
FaunaDB,0.156,2017-12
FaunaDB,0.145,2018-01
FaunaDB,0.128,2018-02
FaunaDB,0.11199999999999999,2018-03
FaunaDB,0.111,2018-04
FaunaDB,0.113,2018-05
FaunaDB,0.114,2018-06
FaunaDB,0.11900000000000001,2018-07
FaunaDB,0.15,2018-08
FaunaDB,0.168,2018-09
FaunaDB,0.19,2018-10
FaunaDB,0.209,2018-11
FaunaDB,0.23199999999999998,2018-12
FaunaDB,0.303,2019-01
FaunaDB,0.365,2019-02
FaunaDB,0.521,2019-03
FaunaDB,0.371,2019-04
FaunaDB,0.384,2019-05
FaunaDB,0.355,2019-06
FaunaDB,0.337,2019-07
FaunaDB,0.4,2019-08
FaunaDB,0.42100000000000004,2019-09
FaunaDB,0.47700000000000004,2019-10
FaunaDB,0.614,2019-11
FaunaDB,0.6920000000000001,2019-12
Blazegraph,0.0,2012-11
Blazegraph,0.0,2012-12
Blazegraph,0.0,2013-01
Blazegraph,0.0,2013-02
Blazegraph,0.0,2013-03
Blazegraph,0.0,2013-04
Blazegraph,0.0,2013-05
Blazegraph,0.0,2013-06
Blazegraph,0.0,2013-07
Blazegraph,0.0,2013-08
Blazegraph,0.0,2013-09
Blazegraph,0.0,2013-10
Blazegraph,0.0,2013-11
Blazegraph,0.0,2013-12
Blazegraph,0.0,2014-01
Blazegraph,0.0,2014-02
Blazegraph,0.0,2014-03
Blazegraph,0.0,2014-04
Blazegraph,0.0,2014-05
Blazegraph,0.0,2014-06
Blazegraph,0.0,2014-07
Blazegraph,0.0,2014-08
Blazegraph,0.0,2014-09
Blazegraph,0.0,2014-10
Blazegraph,0.0,2014-11
Blazegraph,0.0,2014-12
Blazegraph,0.005,2015-01
Blazegraph,0.005,2015-02
Blazegraph,0.005,2015-03
Blazegraph,0.005,2015-04
Blazegraph,0.005,2015-05
Blazegraph,0.005,2015-06
Blazegraph,0.005,2015-07
Blazegraph,0.005,2015-08
Blazegraph,0.008,2015-09
Blazegraph,0.006,2015-10
Blazegraph,0.009000000000000001,2015-11
Blazegraph,0.005,2015-12
Blazegraph,0.013999999999999999,2016-01
Blazegraph,0.068,2016-02
Blazegraph,0.094,2016-03
Blazegraph,0.067,2016-04
Blazegraph,0.111,2016-05
Blazegraph,0.09,2016-06
Blazegraph,0.079,2016-07
Blazegraph,0.081,2016-08
Blazegraph,0.155,2016-09
Blazegraph,0.094,2016-10
Blazegraph,0.098,2016-11
Blazegraph,0.08,2016-12
Blazegraph,0.083,2017-01
Blazegraph,0.14300000000000002,2017-02
Blazegraph,0.17,2017-03
Blazegraph,0.201,2017-04
Blazegraph,0.275,2017-05
Blazegraph,0.289,2017-06
Blazegraph,0.287,2017-07
Blazegraph,0.26,2017-08
Blazegraph,0.23399999999999999,2017-09
Blazegraph,0.253,2017-10
Blazegraph,0.215,2017-11
Blazegraph,0.214,2017-12
Blazegraph,0.127,2018-01
Blazegraph,0.147,2018-02
Blazegraph,0.145,2018-03
Blazegraph,0.132,2018-04
Blazegraph,0.141,2018-05
Blazegraph,0.125,2018-06
Blazegraph,0.192,2018-07
Blazegraph,0.28,2018-08
Blazegraph,0.35700000000000004,2018-09
Blazegraph,0.38799999999999996,2018-10
Blazegraph,0.39299999999999996,2018-11
Blazegraph,0.39,2018-12
Blazegraph,0.467,2019-01
Blazegraph,0.53,2019-02
Blazegraph,0.5489999999999999,2019-03
Blazegraph,0.5589999999999999,2019-04
Blazegraph,0.563,2019-05
Blazegraph,0.563,2019-06
Blazegraph,0.562,2019-07
Blazegraph,0.6940000000000001,2019-08
Blazegraph,0.5820000000000001,2019-09
Blazegraph,0.585,2019-10
Blazegraph,0.585,2019-11
Blazegraph,0.623,2019-12
Graph Engine,0.0,2012-11
Graph Engine,0.0,2012-12
Graph Engine,0.0,2013-01
Graph Engine,0.0,2013-02
Graph Engine,0.0,2013-03
Graph Engine,0.0,2013-04
Graph Engine,0.0,2013-05
Graph Engine,0.0,2013-06
Graph Engine,0.0,2013-07
Graph Engine,0.0,2013-08
Graph Engine,0.0,2013-09
Graph Engine,0.0,2013-10
Graph Engine,0.0,2013-11
Graph Engine,0.0,2013-12
Graph Engine,0.0,2014-01
Graph Engine,0.0,2014-02
Graph Engine,0.0,2014-03
Graph Engine,0.0,2014-04
Graph Engine,0.0,2014-05
Graph Engine,0.0,2014-06
Graph Engine,0.0,2014-07
Graph Engine,0.0,2014-08
Graph Engine,0.0,2014-09
Graph Engine,0.0,2014-10
Graph Engine,0.0,2014-11
Graph Engine,0.0,2014-12
Graph Engine,0.0,2015-01
Graph Engine,0.0,2015-02
Graph Engine,0.0,2015-03
Graph Engine,0.0,2015-04
Graph Engine,0.0,2015-05
Graph Engine,0.0,2015-06
Graph Engine,0.0,2015-07
Graph Engine,0.0,2015-08
Graph Engine,0.0,2015-09
Graph Engine,0.0,2015-10
Graph Engine,0.0,2015-11
Graph Engine,0.0,2015-12
Graph Engine,0.0,2016-01
Graph Engine,0.0,2016-02
Graph Engine,0.0,2016-03
Graph Engine,0.0,2016-04
Graph Engine,0.0,2016-05
Graph Engine,0.0,2016-06
Graph Engine,0.0,2016-07
Graph Engine,0.0,2016-08
Graph Engine,0.0,2016-09
Graph Engine,0.0,2016-10
Graph Engine,0.0,2016-11
Graph Engine,0.0,2016-12
Graph Engine,0.0,2017-01
Graph Engine,0.0,2017-02
Graph Engine,0.092,2017-03
Graph Engine,0.11900000000000001,2017-04
Graph Engine,0.18,2017-05
Graph Engine,0.262,2017-06
Graph Engine,0.359,2017-07
Graph Engine,0.332,2017-08
Graph Engine,0.273,2017-09
Graph Engine,0.249,2017-10
Graph Engine,0.33,2017-11
Graph Engine,0.377,2017-12
Graph Engine,0.429,2018-01
Graph Engine,0.433,2018-02
Graph Engine,0.426,2018-03
Graph Engine,0.39899999999999997,2018-04
Graph Engine,0.363,2018-05
Graph Engine,0.301,2018-06
Graph Engine,0.299,2018-07
Graph Engine,0.272,2018-08
Graph Engine,0.289,2018-09
Graph Engine,0.415,2018-10
Graph Engine,0.49200000000000005,2018-11
Graph Engine,0.5,2018-12
Graph Engine,0.568,2019-01
Graph Engine,0.5720000000000001,2019-02
Graph Engine,0.561,2019-03
Graph Engine,0.5589999999999999,2019-04
Graph Engine,0.536,2019-05
Graph Engine,0.527,2019-06
Graph Engine,0.5379999999999999,2019-07
Graph Engine,0.5489999999999999,2019-08
Graph Engine,0.5329999999999999,2019-09
Graph Engine,0.527,2019-10
Graph Engine,0.564,2019-11
Graph Engine,0.5770000000000001,2019-12
InfiniteGraph,0.21,2012-11
InfiniteGraph,0.012,2012-12
InfiniteGraph,0.02,2013-01
InfiniteGraph,0.005,2013-02
InfiniteGraph,0.005,2013-03
InfiniteGraph,0.006999999999999999,2013-04
InfiniteGraph,0.115,2013-05
InfiniteGraph,0.006999999999999999,2013-06
InfiniteGraph,0.04,2013-07
InfiniteGraph,0.064,2013-08
InfiniteGraph,0.098,2013-09
InfiniteGraph,0.09699999999999999,2013-10
InfiniteGraph,0.09300000000000001,2013-11
InfiniteGraph,0.136,2013-12
InfiniteGraph,0.13699999999999998,2014-01
InfiniteGraph,0.149,2014-02
InfiniteGraph,0.14300000000000002,2014-03
InfiniteGraph,0.133,2014-04
InfiniteGraph,0.134,2014-05
InfiniteGraph,0.15,2014-06
InfiniteGraph,0.159,2014-07
InfiniteGraph,0.168,2014-08
InfiniteGraph,0.17600000000000002,2014-09
InfiniteGraph,0.19899999999999998,2014-10
InfiniteGraph,0.262,2014-11
InfiniteGraph,0.284,2014-12
InfiniteGraph,0.297,2015-01
InfiniteGraph,0.285,2015-02
InfiniteGraph,0.273,2015-03
InfiniteGraph,0.298,2015-04
InfiniteGraph,0.35200000000000004,2015-05
InfiniteGraph,0.313,2015-06
InfiniteGraph,0.369,2015-07
InfiniteGraph,0.44799999999999995,2015-08
InfiniteGraph,0.396,2015-09
InfiniteGraph,0.43,2015-10
InfiniteGraph,0.382,2015-11
InfiniteGraph,0.298,2015-12
InfiniteGraph,0.306,2016-01
InfiniteGraph,0.309,2016-02
InfiniteGraph,0.289,2016-03
InfiniteGraph,0.225,2016-04
InfiniteGraph,0.226,2016-05
InfiniteGraph,0.207,2016-06
InfiniteGraph,0.193,2016-07
InfiniteGraph,0.19,2016-08
InfiniteGraph,0.188,2016-09
InfiniteGraph,0.18899999999999997,2016-10
InfiniteGraph,0.187,2016-11
InfiniteGraph,0.184,2016-12
InfiniteGraph,0.182,2017-01
InfiniteGraph,0.22,2017-02
InfiniteGraph,0.21600000000000003,2017-03
InfiniteGraph,0.226,2017-04
InfiniteGraph,0.278,2017-05
InfiniteGraph,0.302,2017-06
InfiniteGraph,0.294,2017-07
InfiniteGraph,0.298,2017-08
InfiniteGraph,0.287,2017-09
InfiniteGraph,0.301,2017-10
InfiniteGraph,0.239,2017-11
InfiniteGraph,0.17,2017-12
InfiniteGraph,0.125,2018-01
InfiniteGraph,0.139,2018-02
InfiniteGraph,0.125,2018-03
InfiniteGraph,0.109,2018-04
InfiniteGraph,0.127,2018-05
InfiniteGraph,0.191,2018-06
InfiniteGraph,0.258,2018-07
InfiniteGraph,0.298,2018-08
InfiniteGraph,0.28,2018-09
InfiniteGraph,0.287,2018-10
InfiniteGraph,0.311,2018-11
InfiniteGraph,0.306,2018-12
InfiniteGraph,0.36200000000000004,2019-01
InfiniteGraph,0.39899999999999997,2019-02
InfiniteGraph,0.39,2019-03
InfiniteGraph,0.39899999999999997,2019-04
InfiniteGraph,0.387,2019-05
InfiniteGraph,0.385,2019-06
InfiniteGraph,0.384,2019-07
InfiniteGraph,0.409,2019-08
InfiniteGraph,0.385,2019-09
InfiniteGraph,0.382,2019-10
InfiniteGraph,0.377,2019-11
InfiniteGraph,0.39,2019-12
FlockDB,0.0,2012-11
FlockDB,0.0,2012-12
FlockDB,0.0,2013-01
FlockDB,0.0,2013-02
FlockDB,0.005,2013-03
FlockDB,0.005,2013-04
FlockDB,0.005,2013-05
FlockDB,0.005,2013-06
FlockDB,0.054000000000000006,2013-07
FlockDB,0.073,2013-08
FlockDB,0.09300000000000001,2013-09
FlockDB,0.10400000000000001,2013-10
FlockDB,0.115,2013-11
FlockDB,0.05,2013-12
FlockDB,0.065,2014-01
FlockDB,0.063,2014-02
FlockDB,0.059000000000000004,2014-03
FlockDB,0.053,2014-04
FlockDB,0.078,2014-05
FlockDB,0.08,2014-06
FlockDB,0.087,2014-07
FlockDB,0.094,2014-08
FlockDB,0.099,2014-09
FlockDB,0.11599999999999999,2014-10
FlockDB,0.122,2014-11
FlockDB,0.12300000000000001,2014-12
FlockDB,0.126,2015-01
FlockDB,0.128,2015-02
FlockDB,0.13699999999999998,2015-03
FlockDB,0.134,2015-04
FlockDB,0.115,2015-05
FlockDB,0.142,2015-06
FlockDB,0.166,2015-07
FlockDB,0.179,2015-08
FlockDB,0.184,2015-09
FlockDB,0.183,2015-10
FlockDB,0.16399999999999998,2015-11
FlockDB,0.145,2015-12
FlockDB,0.14800000000000002,2016-01
FlockDB,0.146,2016-02
FlockDB,0.136,2016-03
FlockDB,0.134,2016-04
FlockDB,0.15,2016-05
FlockDB,0.128,2016-06
FlockDB,0.12300000000000001,2016-07
FlockDB,0.122,2016-08
FlockDB,0.121,2016-09
FlockDB,0.11800000000000001,2016-10
FlockDB,0.113,2016-11
FlockDB,0.10400000000000001,2016-12
FlockDB,0.10300000000000001,2017-01
FlockDB,0.122,2017-02
FlockDB,0.115,2017-03
FlockDB,0.126,2017-04
FlockDB,0.18899999999999997,2017-05
FlockDB,0.191,2017-06
FlockDB,0.157,2017-07
FlockDB,0.168,2017-08
FlockDB,0.172,2017-09
FlockDB,0.191,2017-10
FlockDB,0.17,2017-11
FlockDB,0.158,2017-12
FlockDB,0.147,2018-01
FlockDB,0.141,2018-02
FlockDB,0.142,2018-03
FlockDB,0.133,2018-04
FlockDB,0.134,2018-05
FlockDB,0.115,2018-06
FlockDB,0.129,2018-07
FlockDB,0.11800000000000001,2018-08
FlockDB,0.128,2018-09
FlockDB,0.126,2018-10
FlockDB,0.153,2018-11
FlockDB,0.171,2018-12
FlockDB,0.22899999999999998,2019-01
FlockDB,0.254,2019-02
FlockDB,0.262,2019-03
FlockDB,0.27,2019-04
FlockDB,0.268,2019-05
FlockDB,0.271,2019-06
FlockDB,0.27399999999999997,2019-07
FlockDB,0.27399999999999997,2019-08
FlockDB,0.27,2019-09
FlockDB,0.257,2019-10
FlockDB,0.266,2019-11
FlockDB,0.278,2019-12
GRAKN.AI,0.0,2012-11
GRAKN.AI,0.0,2012-12
GRAKN.AI,0.0,2013-01
GRAKN.AI,0.0,2013-02
GRAKN.AI,0.0,2013-03
GRAKN.AI,0.0,2013-04
GRAKN.AI,0.0,2013-05
GRAKN.AI,0.0,2013-06
GRAKN.AI,0.0,2013-07
GRAKN.AI,0.0,2013-08
GRAKN.AI,0.0,2013-09
GRAKN.AI,0.0,2013-10
GRAKN.AI,0.0,2013-11
GRAKN.AI,0.0,2013-12
GRAKN.AI,0.0,2014-01
GRAKN.AI,0.0,2014-02
GRAKN.AI,0.0,2014-03
GRAKN.AI,0.0,2014-04
GRAKN.AI,0.0,2014-05
GRAKN.AI,0.0,2014-06
GRAKN.AI,0.0,2014-07
GRAKN.AI,0.0,2014-08
GRAKN.AI,0.0,2014-09
GRAKN.AI,0.0,2014-10
GRAKN.AI,0.0,2014-11
GRAKN.AI,0.0,2014-12
GRAKN.AI,0.0,2015-01
GRAKN.AI,0.0,2015-02
GRAKN.AI,0.0,2015-03
GRAKN.AI,0.0,2015-04
GRAKN.AI,0.0,2015-05
GRAKN.AI,0.0,2015-06
GRAKN.AI,0.0,2015-07
GRAKN.AI,0.0,2015-08
GRAKN.AI,0.0,2015-09
GRAKN.AI,0.0,2015-10
GRAKN.AI,0.0,2015-11
GRAKN.AI,0.0,2015-12
GRAKN.AI,0.0,2016-01
GRAKN.AI,0.0,2016-02
GRAKN.AI,0.0,2016-03
GRAKN.AI,0.0,2016-04
GRAKN.AI,0.0,2016-05
GRAKN.AI,0.0,2016-06
GRAKN.AI,0.0,2016-07
GRAKN.AI,0.0,2016-08
GRAKN.AI,0.0,2016-09
GRAKN.AI,0.0,2016-10
GRAKN.AI,0.0,2016-11
GRAKN.AI,0.0,2016-12
GRAKN.AI,0.0,2017-01
GRAKN.AI,0.005,2017-02
GRAKN.AI,0.005,2017-03
GRAKN.AI,0.005,2017-04
GRAKN.AI,0.005,2017-05
GRAKN.AI,0.044000000000000004,2017-06
GRAKN.AI,0.015,2017-07
GRAKN.AI,0.063,2017-08
GRAKN.AI,0.013999999999999999,2017-09
GRAKN.AI,0.005,2017-10
GRAKN.AI,0.006999999999999999,2017-11
GRAKN.AI,0.013000000000000001,2017-12
GRAKN.AI,0.061,2018-01
GRAKN.AI,0.062,2018-02
GRAKN.AI,0.027000000000000003,2018-03
GRAKN.AI,0.02,2018-04
GRAKN.AI,0.005,2018-05
GRAKN.AI,0.005,2018-06
GRAKN.AI,0.016,2018-07
GRAKN.AI,0.027000000000000003,2018-08
GRAKN.AI,0.032,2018-09
GRAKN.AI,0.04,2018-10
GRAKN.AI,0.085,2018-11
GRAKN.AI,0.122,2018-12
GRAKN.AI,0.08800000000000001,2019-01
GRAKN.AI,0.09699999999999999,2019-02
GRAKN.AI,0.094,2019-03
GRAKN.AI,0.109,2019-04
GRAKN.AI,0.166,2019-05
GRAKN.AI,0.20600000000000002,2019-06
GRAKN.AI,0.184,2019-07
GRAKN.AI,0.21,2019-08
GRAKN.AI,0.195,2019-09
GRAKN.AI,0.19399999999999998,2019-10
GRAKN.AI,0.204,2019-11
GRAKN.AI,0.226,2019-12
HyperGraphDB,0.01,2012-11
HyperGraphDB,0.005,2012-12
HyperGraphDB,0.005,2013-01
HyperGraphDB,0.005,2013-02
HyperGraphDB,0.005,2013-03
HyperGraphDB,0.005,2013-04
HyperGraphDB,0.005,2013-05
HyperGraphDB,0.005,2013-06
HyperGraphDB,0.068,2013-07
HyperGraphDB,0.062,2013-08
HyperGraphDB,0.081,2013-09
HyperGraphDB,0.086,2013-10
HyperGraphDB,0.085,2013-11
HyperGraphDB,0.005,2013-12
HyperGraphDB,0.006999999999999999,2014-01
HyperGraphDB,0.005,2014-02
HyperGraphDB,0.005,2014-03
HyperGraphDB,0.005,2014-04
HyperGraphDB,0.005,2014-05
HyperGraphDB,0.005,2014-06
HyperGraphDB,0.005,2014-07
HyperGraphDB,0.005,2014-08
HyperGraphDB,0.005,2014-09
HyperGraphDB,0.02,2014-10
HyperGraphDB,0.03,2014-11
HyperGraphDB,0.027999999999999997,2014-12
HyperGraphDB,0.027999999999999997,2015-01
HyperGraphDB,0.025,2015-02
HyperGraphDB,0.028999999999999998,2015-03
HyperGraphDB,0.079,2015-04
HyperGraphDB,0.111,2015-05
HyperGraphDB,0.138,2015-06
HyperGraphDB,0.162,2015-07
HyperGraphDB,0.222,2015-08
HyperGraphDB,0.18899999999999997,2015-09
HyperGraphDB,0.26,2015-10
HyperGraphDB,0.251,2015-11
HyperGraphDB,0.162,2015-12
HyperGraphDB,0.16,2016-01
HyperGraphDB,0.165,2016-02
HyperGraphDB,0.158,2016-03
HyperGraphDB,0.152,2016-04
HyperGraphDB,0.131,2016-05
HyperGraphDB,0.098,2016-06
HyperGraphDB,0.081,2016-07
HyperGraphDB,0.076,2016-08
HyperGraphDB,0.076,2016-09
HyperGraphDB,0.08,2016-10
HyperGraphDB,0.08,2016-11
HyperGraphDB,0.07,2016-12
HyperGraphDB,0.059000000000000004,2017-01
HyperGraphDB,0.087,2017-02
HyperGraphDB,0.08800000000000001,2017-03
HyperGraphDB,0.10300000000000001,2017-04
HyperGraphDB,0.155,2017-05
HyperGraphDB,0.18100000000000002,2017-06
HyperGraphDB,0.153,2017-07
HyperGraphDB,0.152,2017-08
HyperGraphDB,0.152,2017-09
HyperGraphDB,0.168,2017-10
HyperGraphDB,0.152,2017-11
HyperGraphDB,0.131,2017-12
HyperGraphDB,0.159,2018-01
HyperGraphDB,0.16699999999999998,2018-02
HyperGraphDB,0.138,2018-03
HyperGraphDB,0.153,2018-04
HyperGraphDB,0.139,2018-05
HyperGraphDB,0.13699999999999998,2018-06
HyperGraphDB,0.132,2018-07
HyperGraphDB,0.124,2018-08
HyperGraphDB,0.131,2018-09
HyperGraphDB,0.128,2018-10
HyperGraphDB,0.16399999999999998,2018-11
HyperGraphDB,0.177,2018-12
HyperGraphDB,0.16899999999999998,2019-01
HyperGraphDB,0.17600000000000002,2019-02
HyperGraphDB,0.184,2019-03
HyperGraphDB,0.215,2019-04
HyperGraphDB,0.20600000000000002,2019-05
HyperGraphDB,0.20600000000000002,2019-06
HyperGraphDB,0.198,2019-07
HyperGraphDB,0.18899999999999997,2019-08
HyperGraphDB,0.195,2019-09
HyperGraphDB,0.19699999999999998,2019-10
HyperGraphDB,0.196,2019-11
HyperGraphDB,0.195,2019-12
AgensGraph,0.0,2012-11
AgensGraph,0.0,2012-12
AgensGraph,0.0,2013-01
AgensGraph,0.0,2013-02
AgensGraph,0.0,2013-03
AgensGraph,0.0,2013-04
AgensGraph,0.0,2013-05
AgensGraph,0.0,2013-06
AgensGraph,0.0,2013-07
AgensGraph,0.0,2013-08
AgensGraph,0.0,2013-09
AgensGraph,0.0,2013-10
AgensGraph,0.0,2013-11
AgensGraph,0.0,2013-12
AgensGraph,0.0,2014-01
AgensGraph,0.0,2014-02
AgensGraph,0.0,2014-03
AgensGraph,0.0,2014-04
AgensGraph,0.0,2014-05
AgensGraph,0.0,2014-06
AgensGraph,0.0,2014-07
AgensGraph,0.0,2014-08
AgensGraph,0.0,2014-09
AgensGraph,0.0,2014-10
AgensGraph,0.0,2014-11
AgensGraph,0.0,2014-12
AgensGraph,0.0,2015-01
AgensGraph,0.0,2015-02
AgensGraph,0.0,2015-03
AgensGraph,0.0,2015-04
AgensGraph,0.0,2015-05
AgensGraph,0.0,2015-06
AgensGraph,0.0,2015-07
AgensGraph,0.0,2015-08
AgensGraph,0.0,2015-09
AgensGraph,0.0,2015-10
AgensGraph,0.0,2015-11
AgensGraph,0.0,2015-12
AgensGraph,0.0,2016-01
AgensGraph,0.0,2016-02
AgensGraph,0.0,2016-03
AgensGraph,0.0,2016-04
AgensGraph,0.0,2016-05
AgensGraph,0.0,2016-06
AgensGraph,0.0,2016-07
AgensGraph,0.0,2016-08
AgensGraph,0.0,2016-09
AgensGraph,0.0,2016-10
AgensGraph,0.0,2016-11
AgensGraph,0.005,2016-12
AgensGraph,0.005,2017-01
AgensGraph,0.005,2017-02
AgensGraph,0.005,2017-03
AgensGraph,0.005,2017-04
AgensGraph,0.009000000000000001,2017-05
AgensGraph,0.031,2017-06
AgensGraph,0.005,2017-07
AgensGraph,0.005,2017-08
AgensGraph,0.005,2017-09
AgensGraph,0.039,2017-10
AgensGraph,0.038,2017-11
AgensGraph,0.025,2017-12
AgensGraph,0.025,2018-01
AgensGraph,0.025,2018-02
AgensGraph,0.043,2018-03
AgensGraph,0.032,2018-04
AgensGraph,0.039,2018-05
AgensGraph,0.039,2018-06
AgensGraph,0.032,2018-07
AgensGraph,0.032,2018-08
AgensGraph,0.039,2018-09
AgensGraph,0.057,2018-10
AgensGraph,0.083,2018-11
AgensGraph,0.113,2018-12
AgensGraph,0.129,2019-01
AgensGraph,0.156,2019-02
AgensGraph,0.174,2019-03
AgensGraph,0.231,2019-04
AgensGraph,0.255,2019-05
AgensGraph,0.239,2019-06
AgensGraph,0.309,2019-07
AgensGraph,0.268,2019-08
AgensGraph,0.23800000000000002,2019-09
AgensGraph,0.225,2019-10
AgensGraph,0.158,2019-11
AgensGraph,0.161,2019-12
Sparksee,0.46,2012-11
Sparksee,0.295,2012-12
Sparksee,0.313,2013-01
Sparksee,0.311,2013-02
Sparksee,0.287,2013-03
Sparksee,0.293,2013-04
Sparksee,0.3,2013-05
Sparksee,0.299,2013-06
Sparksee,0.312,2013-07
Sparksee,0.326,2013-08
Sparksee,0.337,2013-09
Sparksee,0.337,2013-10
Sparksee,0.354,2013-11
Sparksee,0.763,2013-12
Sparksee,0.7829999999999999,2014-01
Sparksee,0.797,2014-02
Sparksee,0.812,2014-03
Sparksee,0.785,2014-04
Sparksee,0.7909999999999999,2014-05
Sparksee,0.816,2014-06
Sparksee,0.8170000000000001,2014-07
Sparksee,0.838,2014-08
Sparksee,0.845,2014-09
Sparksee,0.821,2014-10
Sparksee,0.872,2014-11
Sparksee,0.9109999999999999,2014-12
Sparksee,0.9209999999999999,2015-01
Sparksee,0.958,2015-02
Sparksee,0.97,2015-03
Sparksee,0.895,2015-04
Sparksee,0.534,2015-05
Sparksee,0.435,2015-06
Sparksee,0.349,2015-07
Sparksee,0.336,2015-08
Sparksee,0.261,2015-09
Sparksee,0.31,2015-10
Sparksee,0.28600000000000003,2015-11
Sparksee,0.226,2015-12
Sparksee,0.21100000000000002,2016-01
Sparksee,0.204,2016-02
Sparksee,0.192,2016-03
Sparksee,0.17800000000000002,2016-04
Sparksee,0.156,2016-05
Sparksee,0.12300000000000001,2016-06
Sparksee,0.08900000000000001,2016-07
Sparksee,0.068,2016-08
Sparksee,0.043,2016-09
Sparksee,0.055,2016-10
Sparksee,0.046,2016-11
Sparksee,0.05,2016-12
Sparksee,0.031,2017-01
Sparksee,0.024,2017-02
Sparksee,0.061,2017-03
Sparksee,0.034,2017-04
Sparksee,0.052000000000000005,2017-05
Sparksee,0.11699999999999999,2017-06
Sparksee,0.16399999999999998,2017-07
Sparksee,0.19399999999999998,2017-08
Sparksee,0.21,2017-09
Sparksee,0.226,2017-10
Sparksee,0.217,2017-11
Sparksee,0.209,2017-12
Sparksee,0.225,2018-01
Sparksee,0.233,2018-02
Sparksee,0.22699999999999998,2018-03
Sparksee,0.21100000000000002,2018-04
Sparksee,0.192,2018-05
Sparksee,0.168,2018-06
Sparksee,0.14300000000000002,2018-07
Sparksee,0.138,2018-08
Sparksee,0.135,2018-09
Sparksee,0.14400000000000002,2018-10
Sparksee,0.129,2018-11
Sparksee,0.126,2018-12
Sparksee,0.12300000000000001,2019-01
Sparksee,0.12300000000000001,2019-02
Sparksee,0.11599999999999999,2019-03
Sparksee,0.147,2019-04
Sparksee,0.125,2019-05
Sparksee,0.13,2019-06
Sparksee,0.147,2019-07
Sparksee,0.152,2019-08
Sparksee,0.16699999999999998,2019-09
Sparksee,0.165,2019-10
Sparksee,0.154,2019-11
Sparksee,0.15,2019-12
TinkerGraph,0.0,2012-11
TinkerGraph,0.0,2012-12
TinkerGraph,0.0,2013-01
TinkerGraph,0.0,2013-02
TinkerGraph,0.0,2013-03
TinkerGraph,0.0,2013-04
TinkerGraph,0.0,2013-05
TinkerGraph,0.0,2013-06
TinkerGraph,0.0,2013-07
TinkerGraph,0.0,2013-08
TinkerGraph,0.0,2013-09
TinkerGraph,0.0,2013-10
TinkerGraph,0.0,2013-11
TinkerGraph,0.0,2013-12
TinkerGraph,0.0,2014-01
TinkerGraph,0.0,2014-02
TinkerGraph,0.0,2014-03
TinkerGraph,0.0,2014-04
TinkerGraph,0.0,2014-05
TinkerGraph,0.0,2014-06
TinkerGraph,0.0,2014-07
TinkerGraph,0.0,2014-08
TinkerGraph,0.0,2014-09
TinkerGraph,0.0,2014-10
TinkerGraph,0.0,2014-11
TinkerGraph,0.0,2014-12
TinkerGraph,0.0,2015-01
TinkerGraph,0.0,2015-02
TinkerGraph,0.0,2015-03
TinkerGraph,0.0,2015-04
TinkerGraph,0.0,2015-05
TinkerGraph,0.0,2015-06
TinkerGraph,0.0,2015-07
TinkerGraph,0.0,2015-08
TinkerGraph,0.0,2015-09
TinkerGraph,0.0,2015-10
TinkerGraph,0.0,2015-11
TinkerGraph,0.0,2015-12
TinkerGraph,0.0,2016-01
TinkerGraph,0.0,2016-02
TinkerGraph,0.0,2016-03
TinkerGraph,0.0,2016-04
TinkerGraph,0.0,2016-05
TinkerGraph,0.0,2016-06
TinkerGraph,0.0,2016-07
TinkerGraph,0.0,2016-08
TinkerGraph,0.0,2016-09
TinkerGraph,0.0,2016-10
TinkerGraph,0.0,2016-11
TinkerGraph,0.0,2016-12
TinkerGraph,0.0,2017-01
TinkerGraph,0.0,2017-02
TinkerGraph,0.0,2017-03
TinkerGraph,0.0,2017-04
TinkerGraph,0.0,2017-05
TinkerGraph,0.34,2017-06
TinkerGraph,0.052000000000000005,2017-07
TinkerGraph,0.055999999999999994,2017-08
TinkerGraph,0.048,2017-09
TinkerGraph,0.043,2017-10
TinkerGraph,0.039,2017-11
TinkerGraph,0.025,2017-12
TinkerGraph,0.047,2018-01
TinkerGraph,0.05,2018-02
TinkerGraph,0.055999999999999994,2018-03
TinkerGraph,0.040999999999999995,2018-04
TinkerGraph,0.038,2018-05
TinkerGraph,0.034,2018-06
TinkerGraph,0.05,2018-07
TinkerGraph,0.055,2018-08
TinkerGraph,0.045,2018-09
TinkerGraph,0.053,2018-10
TinkerGraph,0.08199999999999999,2018-11
TinkerGraph,0.094,2018-12
TinkerGraph,0.095,2019-01
TinkerGraph,0.10400000000000001,2019-02
TinkerGraph,0.10400000000000001,2019-03
TinkerGraph,0.10400000000000001,2019-04
TinkerGraph,0.08800000000000001,2019-05
TinkerGraph,0.091,2019-06
TinkerGraph,0.115,2019-07
TinkerGraph,0.138,2019-08
TinkerGraph,0.14300000000000002,2019-09
TinkerGraph,0.133,2019-10
TinkerGraph,0.122,2019-11
TinkerGraph,0.129,2019-12
HGraphDB,0.0,2012-11
HGraphDB,0.0,2012-12
HGraphDB,0.0,2013-01
HGraphDB,0.0,2013-02
HGraphDB,0.0,2013-03
HGraphDB,0.0,2013-04
HGraphDB,0.0,2013-05
HGraphDB,0.0,2013-06
HGraphDB,0.0,2013-07
HGraphDB,0.0,2013-08
HGraphDB,0.0,2013-09
HGraphDB,0.0,2013-10
HGraphDB,0.0,2013-11
HGraphDB,0.0,2013-12
HGraphDB,0.0,2014-01
HGraphDB,0.0,2014-02
HGraphDB,0.0,2014-03
HGraphDB,0.0,2014-04
HGraphDB,0.0,2014-05
HGraphDB,0.0,2014-06
HGraphDB,0.0,2014-07
HGraphDB,0.0,2014-08
HGraphDB,0.0,2014-09
HGraphDB,0.0,2014-10
HGraphDB,0.0,2014-11
HGraphDB,0.0,2014-12
HGraphDB,0.0,2015-01
HGraphDB,0.0,2015-02
HGraphDB,0.0,2015-03
HGraphDB,0.0,2015-04
HGraphDB,0.0,2015-05
HGraphDB,0.0,2015-06
HGraphDB,0.0,2015-07
HGraphDB,0.0,2015-08
HGraphDB,0.0,2015-09
HGraphDB,0.0,2015-10
HGraphDB,0.0,2015-11
HGraphDB,0.0,2015-12
HGraphDB,0.0,2016-01
HGraphDB,0.0,2016-02
HGraphDB,0.0,2016-03
HGraphDB,0.0,2016-04
HGraphDB,0.0,2016-05
HGraphDB,0.0,2016-06
HGraphDB,0.0,2016-07
HGraphDB,0.0,2016-08
HGraphDB,0.0,2016-09
HGraphDB,0.0,2016-10
HGraphDB,0.0,2016-11
HGraphDB,0.0,2016-12
HGraphDB,0.0,2017-01
HGraphDB,0.0,2017-02
HGraphDB,0.0,2017-03
HGraphDB,0.0,2017-04
HGraphDB,0.0,2017-05
HGraphDB,0.005,2017-06
HGraphDB,0.005,2017-07
HGraphDB,0.005,2017-08
HGraphDB,0.005,2017-09
HGraphDB,0.005,2017-10
HGraphDB,0.022000000000000002,2017-11
HGraphDB,0.005,2017-12
HGraphDB,0.005,2018-01
HGraphDB,0.005,2018-02
HGraphDB,0.021,2018-03
HGraphDB,0.018000000000000002,2018-04
HGraphDB,0.01,2018-05
HGraphDB,0.005,2018-06
HGraphDB,0.005,2018-07
HGraphDB,0.005,2018-08
HGraphDB,0.005,2018-09
HGraphDB,0.005,2018-10
HGraphDB,0.032,2018-11
HGraphDB,0.049,2018-12
HGraphDB,0.027999999999999997,2019-01
HGraphDB,0.015,2019-02
HGraphDB,0.013000000000000001,2019-03
HGraphDB,0.051,2019-04
HGraphDB,0.073,2019-05
HGraphDB,0.091,2019-06
HGraphDB,0.102,2019-07
HGraphDB,0.105,2019-08
HGraphDB,0.113,2019-09
HGraphDB,0.131,2019-10
HGraphDB,0.121,2019-11
HGraphDB,0.11,2019-12
GraphBase,0.55,2012-11
GraphBase,0.005,2012-12
GraphBase,0.005,2013-01
GraphBase,0.005,2013-02
GraphBase,0.005,2013-03
GraphBase,0.005,2013-04
GraphBase,0.005,2013-05
GraphBase,0.005,2013-06
GraphBase,0.028999999999999998,2013-07
GraphBase,0.047,2013-08
GraphBase,0.065,2013-09
GraphBase,0.062,2013-10
GraphBase,0.063,2013-11
GraphBase,0.005,2013-12
GraphBase,0.005,2014-01
GraphBase,0.005,2014-02
GraphBase,0.005,2014-03
GraphBase,0.005,2014-04
GraphBase,0.005,2014-05
GraphBase,0.005,2014-06
GraphBase,0.005,2014-07
GraphBase,0.005,2014-08
GraphBase,0.005,2014-09
GraphBase,0.036000000000000004,2014-10
GraphBase,0.035,2014-11
GraphBase,0.03,2014-12
GraphBase,0.005,2015-01
GraphBase,0.005,2015-02
GraphBase,0.005,2015-03
GraphBase,0.005,2015-04
GraphBase,0.005,2015-05
GraphBase,0.052000000000000005,2015-06
GraphBase,0.065,2015-07
GraphBase,0.057,2015-08
GraphBase,0.057,2015-09
GraphBase,0.066,2015-10
GraphBase,0.052000000000000005,2015-11
GraphBase,0.040999999999999995,2015-12
GraphBase,0.067,2016-01
GraphBase,0.048,2016-02
GraphBase,0.034,2016-03
GraphBase,0.03,2016-04
GraphBase,0.023,2016-05
GraphBase,0.018000000000000002,2016-06
GraphBase,0.025,2016-07
GraphBase,0.026000000000000002,2016-08
GraphBase,0.027999999999999997,2016-09
GraphBase,0.03,2016-10
GraphBase,0.038,2016-11
GraphBase,0.033,2016-12
GraphBase,0.038,2017-01
GraphBase,0.033,2017-02
GraphBase,0.005,2017-03
GraphBase,0.045,2017-04
GraphBase,0.037000000000000005,2017-05
GraphBase,0.021,2017-06
GraphBase,0.034,2017-07
GraphBase,0.047,2017-08
GraphBase,0.044000000000000004,2017-09
GraphBase,0.040999999999999995,2017-10
GraphBase,0.040999999999999995,2017-11
GraphBase,0.006,2017-12
GraphBase,0.027000000000000003,2018-01
GraphBase,0.043,2018-02
GraphBase,0.031,2018-03
GraphBase,0.022000000000000002,2018-04
GraphBase,0.01,2018-05
GraphBase,0.012,2018-06
GraphBase,0.048,2018-07
GraphBase,0.044000000000000004,2018-08
GraphBase,0.039,2018-09
GraphBase,0.040999999999999995,2018-10
GraphBase,0.06,2018-11
GraphBase,0.06,2018-12
GraphBase,0.045,2019-01
GraphBase,0.042,2019-02
GraphBase,0.073,2019-03
GraphBase,0.106,2019-04
GraphBase,0.13699999999999998,2019-05
GraphBase,0.126,2019-06
GraphBase,0.11599999999999999,2019-07
GraphBase,0.135,2019-08
GraphBase,0.11900000000000001,2019-09
GraphBase,0.11199999999999999,2019-10
GraphBase,0.08800000000000001,2019-11
GraphBase,0.106,2019-12
AnzoGraph,0.0,2012-11
AnzoGraph,0.0,2012-12
AnzoGraph,0.0,2013-01
AnzoGraph,0.0,2013-02
AnzoGraph,0.0,2013-03
AnzoGraph,0.0,2013-04
AnzoGraph,0.0,2013-05
AnzoGraph,0.0,2013-06
AnzoGraph,0.0,2013-07
AnzoGraph,0.0,2013-08
AnzoGraph,0.0,2013-09
AnzoGraph,0.0,2013-10
AnzoGraph,0.0,2013-11
AnzoGraph,0.0,2013-12
AnzoGraph,0.0,2014-01
AnzoGraph,0.0,2014-02
AnzoGraph,0.0,2014-03
AnzoGraph,0.0,2014-04
AnzoGraph,0.0,2014-05
AnzoGraph,0.0,2014-06
AnzoGraph,0.0,2014-07
AnzoGraph,0.0,2014-08
AnzoGraph,0.0,2014-09
AnzoGraph,0.0,2014-10
AnzoGraph,0.0,2014-11
AnzoGraph,0.0,2014-12
AnzoGraph,0.0,2015-01
AnzoGraph,0.0,2015-02
AnzoGraph,0.0,2015-03
AnzoGraph,0.0,2015-04
AnzoGraph,0.0,2015-05
AnzoGraph,0.0,2015-06
AnzoGraph,0.0,2015-07
AnzoGraph,0.0,2015-08
AnzoGraph,0.0,2015-09
AnzoGraph,0.0,2015-10
AnzoGraph,0.0,2015-11
AnzoGraph,0.0,2015-12
AnzoGraph,0.0,2016-01
AnzoGraph,0.0,2016-02
AnzoGraph,0.0,2016-03
AnzoGraph,0.0,2016-04
AnzoGraph,0.0,2016-05
AnzoGraph,0.0,2016-06
AnzoGraph,0.0,2016-07
AnzoGraph,0.0,2016-08
AnzoGraph,0.0,2016-09
AnzoGraph,0.0,2016-10
AnzoGraph,0.0,2016-11
AnzoGraph,0.0,2016-12
AnzoGraph,0.0,2017-01
AnzoGraph,0.0,2017-02
AnzoGraph,0.0,2017-03
AnzoGraph,0.0,2017-04
AnzoGraph,0.0,2017-05
AnzoGraph,0.0,2017-06
AnzoGraph,0.0,2017-07
AnzoGraph,0.0,2017-08
AnzoGraph,0.0,2017-09
AnzoGraph,0.0,2017-10
AnzoGraph,0.0,2017-11
AnzoGraph,0.0,2017-12
AnzoGraph,0.0,2018-01
AnzoGraph,0.0,2018-02
AnzoGraph,0.0,2018-03
AnzoGraph,0.0,2018-04
AnzoGraph,0.006999999999999999,2018-05
AnzoGraph,0.005,2018-06
AnzoGraph,0.005,2018-07
AnzoGraph,0.005,2018-08
AnzoGraph,0.005,2018-09
AnzoGraph,0.005,2018-10
AnzoGraph,0.038,2018-11
AnzoGraph,0.07,2018-12
AnzoGraph,0.091,2019-01
AnzoGraph,0.135,2019-02
AnzoGraph,0.179,2019-03
AnzoGraph,0.215,2019-04
AnzoGraph,0.231,2019-05
AnzoGraph,0.209,2019-06
AnzoGraph,0.17300000000000001,2019-07
AnzoGraph,0.16399999999999998,2019-08
AnzoGraph,0.133,2019-09
AnzoGraph,0.11800000000000001,2019-10
AnzoGraph,0.10800000000000001,2019-11
AnzoGraph,0.09300000000000001,2019-12
HugeGraph,0.0,2012-11
HugeGraph,0.0,2012-12
HugeGraph,0.0,2013-01
HugeGraph,0.0,2013-02
HugeGraph,0.0,2013-03
HugeGraph,0.0,2013-04
HugeGraph,0.0,2013-05
HugeGraph,0.0,2013-06
HugeGraph,0.0,2013-07
HugeGraph,0.0,2013-08
HugeGraph,0.0,2013-09
HugeGraph,0.0,2013-10
HugeGraph,0.0,2013-11
HugeGraph,0.0,2013-12
HugeGraph,0.0,2014-01
HugeGraph,0.0,2014-02
HugeGraph,0.0,2014-03
HugeGraph,0.0,2014-04
HugeGraph,0.0,2014-05
HugeGraph,0.0,2014-06
HugeGraph,0.0,2014-07
HugeGraph,0.0,2014-08
HugeGraph,0.0,2014-09
HugeGraph,0.0,2014-10
HugeGraph,0.0,2014-11
HugeGraph,0.0,2014-12
HugeGraph,0.0,2015-01
HugeGraph,0.0,2015-02
HugeGraph,0.0,2015-03
HugeGraph,0.0,2015-04
HugeGraph,0.0,2015-05
HugeGraph,0.0,2015-06
HugeGraph,0.0,2015-07
HugeGraph,0.0,2015-08
HugeGraph,0.0,2015-09
HugeGraph,0.0,2015-10
HugeGraph,0.0,2015-11
HugeGraph,0.0,2015-12
HugeGraph,0.0,2016-01
HugeGraph,0.0,2016-02
HugeGraph,0.0,2016-03
HugeGraph,0.0,2016-04
HugeGraph,0.0,2016-05
HugeGraph,0.0,2016-06
HugeGraph,0.0,2016-07
HugeGraph,0.0,2016-08
HugeGraph,0.0,2016-09
HugeGraph,0.0,2016-10
HugeGraph,0.0,2016-11
HugeGraph,0.0,2016-12
HugeGraph,0.0,2017-01
HugeGraph,0.0,2017-02
HugeGraph,0.0,2017-03
HugeGraph,0.0,2017-04
HugeGraph,0.0,2017-05
HugeGraph,0.0,2017-06
HugeGraph,0.0,2017-07
HugeGraph,0.0,2017-08
HugeGraph,0.0,2017-09
HugeGraph,0.0,2017-10
HugeGraph,0.0,2017-11
HugeGraph,0.0,2017-12
HugeGraph,0.0,2018-01
HugeGraph,0.0,2018-02
HugeGraph,0.0,2018-03
HugeGraph,0.0,2018-04
HugeGraph,0.0,2018-05
HugeGraph,0.0,2018-06
HugeGraph,0.0,2018-07
HugeGraph,0.0,2018-08
HugeGraph,0.0,2018-09
HugeGraph,0.0,2018-10
HugeGraph,0.0,2018-11
HugeGraph,0.0,2018-12
HugeGraph,0.0,2019-01
HugeGraph,0.0,2019-02
HugeGraph,0.0,2019-03
HugeGraph,0.0,2019-04
HugeGraph,0.0,2019-05
HugeGraph,0.0,2019-06
HugeGraph,0.0,2019-07
HugeGraph,0.0,2019-08
HugeGraph,0.061,2019-09
HugeGraph,0.081,2019-10
HugeGraph,0.07,2019-11
HugeGraph,0.073,2019-12
VelocityDB,0.0,2012-11
VelocityDB,0.0,2012-12
VelocityDB,0.0,2013-01
VelocityDB,0.0,2013-02
VelocityDB,0.0,2013-03
VelocityDB,0.0,2013-04
VelocityDB,0.0,2013-05
VelocityDB,0.0,2013-06
VelocityDB,0.0,2013-07
VelocityDB,0.0,2013-08
VelocityDB,0.0,2013-09
VelocityDB,0.0,2013-10
VelocityDB,0.0,2013-11
VelocityDB,0.0,2013-12
VelocityDB,0.005,2014-01
VelocityDB,0.005,2014-02
VelocityDB,0.005,2014-03
VelocityDB,0.005,2014-04
VelocityDB,0.005,2014-05
VelocityDB,0.005,2014-06
VelocityDB,0.005,2014-07
VelocityDB,0.005,2014-08
VelocityDB,0.005,2014-09
VelocityDB,0.005,2014-10
VelocityDB,0.005,2014-11
VelocityDB,0.005,2014-12
VelocityDB,0.005,2015-01
VelocityDB,0.006999999999999999,2015-02
VelocityDB,0.005,2015-03
VelocityDB,0.023,2015-04
VelocityDB,0.005,2015-05
VelocityDB,0.023,2015-06
VelocityDB,0.073,2015-07
VelocityDB,0.106,2015-08
VelocityDB,0.134,2015-09
VelocityDB,0.161,2015-10
VelocityDB,0.184,2015-11
VelocityDB,0.184,2015-12
VelocityDB,0.19699999999999998,2016-01
VelocityDB,0.193,2016-02
VelocityDB,0.18,2016-03
VelocityDB,0.17600000000000002,2016-04
VelocityDB,0.185,2016-05
VelocityDB,0.168,2016-06
VelocityDB,0.155,2016-07
VelocityDB,0.151,2016-08
VelocityDB,0.149,2016-09
VelocityDB,0.14300000000000002,2016-10
VelocityDB,0.133,2016-11
VelocityDB,0.122,2016-12
VelocityDB,0.111,2017-01
VelocityDB,0.095,2017-02
VelocityDB,0.07400000000000001,2017-03
VelocityDB,0.08,2017-04
VelocityDB,0.045,2017-05
VelocityDB,0.07400000000000001,2017-06
VelocityDB,0.083,2017-07
VelocityDB,0.106,2017-08
VelocityDB,0.111,2017-09
VelocityDB,0.092,2017-10
VelocityDB,0.10400000000000001,2017-11
VelocityDB,0.085,2017-12
VelocityDB,0.098,2018-01
VelocityDB,0.114,2018-02
VelocityDB,0.096,2018-03
VelocityDB,0.078,2018-04
VelocityDB,0.10300000000000001,2018-05
VelocityDB,0.09300000000000001,2018-06
VelocityDB,0.10800000000000001,2018-07
VelocityDB,0.127,2018-08
VelocityDB,0.13699999999999998,2018-09
VelocityDB,0.122,2018-10
VelocityDB,0.1,2018-11
VelocityDB,0.084,2018-12
VelocityDB,0.102,2019-01
VelocityDB,0.11900000000000001,2019-02
VelocityDB,0.10400000000000001,2019-03
VelocityDB,0.085,2019-04
VelocityDB,0.063,2019-05
VelocityDB,0.05,2019-06
VelocityDB,0.062,2019-07
VelocityDB,0.079,2019-08
VelocityDB,0.066,2019-09
VelocityDB,0.066,2019-10
VelocityDB,0.067,2019-11
VelocityDB,0.066,2019-12
Nebula Graph,0.0,2012-11
Nebula Graph,0.0,2012-12
Nebula Graph,0.0,2013-01
Nebula Graph,0.0,2013-02
Nebula Graph,0.0,2013-03
Nebula Graph,0.0,2013-04
Nebula Graph,0.0,2013-05
Nebula Graph,0.0,2013-06
Nebula Graph,0.0,2013-07
Nebula Graph,0.0,2013-08
Nebula Graph,0.0,2013-09
Nebula Graph,0.0,2013-10
Nebula Graph,0.0,2013-11
Nebula Graph,0.0,2013-12
Nebula Graph,0.0,2014-01
Nebula Graph,0.0,2014-02
Nebula Graph,0.0,2014-03
Nebula Graph,0.0,2014-04
Nebula Graph,0.0,2014-05
Nebula Graph,0.0,2014-06
Nebula Graph,0.0,2014-07
Nebula Graph,0.0,2014-08
Nebula Graph,0.0,2014-09
Nebula Graph,0.0,2014-10
Nebula Graph,0.0,2014-11
Nebula Graph,0.0,2014-12
Nebula Graph,0.0,2015-01
Nebula Graph,0.0,2015-02
Nebula Graph,0.0,2015-03
Nebula Graph,0.0,2015-04
Nebula Graph,0.0,2015-05
Nebula Graph,0.0,2015-06
Nebula Graph,0.0,2015-07
Nebula Graph,0.0,2015-08
Nebula Graph,0.0,2015-09
Nebula Graph,0.0,2015-10
Nebula Graph,0.0,2015-11
Nebula Graph,0.0,2015-12
Nebula Graph,0.0,2016-01
Nebula Graph,0.0,2016-02
Nebula Graph,0.0,2016-03
Nebula Graph,0.0,2016-04
Nebula Graph,0.0,2016-05
Nebula Graph,0.0,2016-06
Nebula Graph,0.0,2016-07
Nebula Graph,0.0,2016-08
Nebula Graph,0.0,2016-09
Nebula Graph,0.0,2016-10
Nebula Graph,0.0,2016-11
Nebula Graph,0.0,2016-12
Nebula Graph,0.0,2017-01
Nebula Graph,0.0,2017-02
Nebula Graph,0.0,2017-03
Nebula Graph,0.0,2017-04
Nebula Graph,0.0,2017-05
Nebula Graph,0.0,2017-06
Nebula Graph,0.0,2017-07
Nebula Graph,0.0,2017-08
Nebula Graph,0.0,2017-09
Nebula Graph,0.0,2017-10
Nebula Graph,0.0,2017-11
Nebula Graph,0.0,2017-12
Nebula Graph,0.0,2018-01
Nebula Graph,0.0,2018-02
Nebula Graph,0.0,2018-03
Nebula Graph,0.0,2018-04
Nebula Graph,0.0,2018-05
Nebula Graph,0.0,2018-06
Nebula Graph,0.0,2018-07
Nebula Graph,0.0,2018-08
Nebula Graph,0.0,2018-09
Nebula Graph,0.0,2018-10
Nebula Graph,0.0,2018-11
Nebula Graph,0.0,2018-12
Nebula Graph,0.0,2019-01
Nebula Graph,0.0,2019-02
Nebula Graph,0.0,2019-03
Nebula Graph,0.0,2019-04
Nebula Graph,0.0,2019-05
Nebula Graph,0.0,2019-06
Nebula Graph,0.0,2019-07
Nebula Graph,0.0,2019-08
Nebula Graph,0.0,2019-09
Nebula Graph,0.0,2019-10
Nebula Graph,0.0,2019-11
Nebula Graph,0.063,2019-12
Memgraph,0.0,2012-11
Memgraph,0.0,2012-12
Memgraph,0.0,2013-01
Memgraph,0.0,2013-02
Memgraph,0.0,2013-03
Memgraph,0.0,2013-04
Memgraph,0.0,2013-05
Memgraph,0.0,2013-06
Memgraph,0.0,2013-07
Memgraph,0.0,2013-08
Memgraph,0.0,2013-09
Memgraph,0.0,2013-10
Memgraph,0.0,2013-11
Memgraph,0.0,2013-12
Memgraph,0.0,2014-01
Memgraph,0.0,2014-02
Memgraph,0.0,2014-03
Memgraph,0.0,2014-04
Memgraph,0.0,2014-05
Memgraph,0.0,2014-06
Memgraph,0.0,2014-07
Memgraph,0.0,2014-08
Memgraph,0.0,2014-09
Memgraph,0.0,2014-10
Memgraph,0.0,2014-11
Memgraph,0.0,2014-12
Memgraph,0.0,2015-01
Memgraph,0.0,2015-02
Memgraph,0.0,2015-03
Memgraph,0.0,2015-04
Memgraph,0.0,2015-05
Memgraph,0.0,2015-06
Memgraph,0.0,2015-07
Memgraph,0.0,2015-08
Memgraph,0.0,2015-09
Memgraph,0.0,2015-10
Memgraph,0.0,2015-11
Memgraph,0.0,2015-12
Memgraph,0.0,2016-01
Memgraph,0.0,2016-02
Memgraph,0.0,2016-03
Memgraph,0.0,2016-04
Memgraph,0.0,2016-05
Memgraph,0.0,2016-06
Memgraph,0.0,2016-07
Memgraph,0.0,2016-08
Memgraph,0.0,2016-09
Memgraph,0.0,2016-10
Memgraph,0.0,2016-11
Memgraph,0.0,2016-12
Memgraph,0.0,2017-01
Memgraph,0.0,2017-02
Memgraph,0.0,2017-03
Memgraph,0.0,2017-04
Memgraph,0.0,2017-05
Memgraph,0.0,2017-06
Memgraph,0.0,2017-07
Memgraph,0.0,2017-08
Memgraph,0.0,2017-09
Memgraph,0.0,2017-10
Memgraph,0.0,2017-11
Memgraph,0.0,2017-12
Memgraph,0.0,2018-01
Memgraph,0.0,2018-02
Memgraph,0.0,2018-03
Memgraph,0.0,2018-04
Memgraph,0.0,2018-05
Memgraph,0.0,2018-06
Memgraph,0.0,2018-07
Memgraph,0.0,2018-08
Memgraph,0.0,2018-09
Memgraph,0.0,2018-10
Memgraph,0.105,2018-11
Memgraph,0.106,2018-12
Memgraph,0.083,2019-01
Memgraph,0.077,2019-02
Memgraph,0.05,2019-03
Memgraph,0.051,2019-04
Memgraph,0.044000000000000004,2019-05
Memgraph,0.035,2019-06
Memgraph,0.062,2019-07
Memgraph,0.07400000000000001,2019-08
Memgraph,0.051,2019-09
Memgraph,0.053,2019-10
Memgraph,0.069,2019-11
Memgraph,0.049,2019-12
TerminusDB,0.0,2012-11
TerminusDB,0.0,2012-12
TerminusDB,0.0,2013-01
TerminusDB,0.0,2013-02
TerminusDB,0.0,2013-03
TerminusDB,0.0,2013-04
TerminusDB,0.0,2013-05
TerminusDB,0.0,2013-06
TerminusDB,0.0,2013-07
TerminusDB,0.0,2013-08
TerminusDB,0.0,2013-09
TerminusDB,0.0,2013-10
TerminusDB,0.0,2013-11
TerminusDB,0.0,2013-12
TerminusDB,0.0,2014-01
TerminusDB,0.0,2014-02
TerminusDB,0.0,2014-03
TerminusDB,0.0,2014-04
TerminusDB,0.0,2014-05
TerminusDB,0.0,2014-06
TerminusDB,0.0,2014-07
TerminusDB,0.0,2014-08
TerminusDB,0.0,2014-09
TerminusDB,0.0,2014-10
TerminusDB,0.0,2014-11
TerminusDB,0.0,2014-12
TerminusDB,0.0,2015-01
TerminusDB,0.0,2015-02
TerminusDB,0.0,2015-03
TerminusDB,0.0,2015-04
TerminusDB,0.0,2015-05
TerminusDB,0.0,2015-06
TerminusDB,0.0,2015-07
TerminusDB,0.0,2015-08
TerminusDB,0.0,2015-09
TerminusDB,0.0,2015-10
TerminusDB,0.0,2015-11
TerminusDB,0.0,2015-12
TerminusDB,0.0,2016-01
TerminusDB,0.0,2016-02
TerminusDB,0.0,2016-03
TerminusDB,0.0,2016-04
TerminusDB,0.0,2016-05
TerminusDB,0.0,2016-06
TerminusDB,0.0,2016-07
TerminusDB,0.0,2016-08
TerminusDB,0.0,2016-09
TerminusDB,0.0,2016-10
TerminusDB,0.0,2016-11
TerminusDB,0.0,2016-12
TerminusDB,0.0,2017-01
TerminusDB,0.0,2017-02
TerminusDB,0.0,2017-03
TerminusDB,0.0,2017-04
TerminusDB,0.0,2017-05
TerminusDB,0.0,2017-06
TerminusDB,0.0,2017-07
TerminusDB,0.0,2017-08
TerminusDB,0.0,2017-09
TerminusDB,0.0,2017-10
TerminusDB,0.0,2017-11
TerminusDB,0.0,2017-12
TerminusDB,0.0,2018-01
TerminusDB,0.0,2018-02
TerminusDB,0.0,2018-03
TerminusDB,0.0,2018-04
TerminusDB,0.0,2018-05
TerminusDB,0.0,2018-06
TerminusDB,0.0,2018-07
TerminusDB,0.0,2018-08
TerminusDB,0.0,2018-09
TerminusDB,0.0,2018-10
TerminusDB,0.0,2018-11
TerminusDB,0.0,2018-12
TerminusDB,0.0,2019-01
TerminusDB,0.0,2019-02
TerminusDB,0.005,2019-03
TerminusDB,0.019,2019-04
TerminusDB,0.055,2019-05
TerminusDB,0.023,2019-06
TerminusDB,0.054000000000000006,2019-07
TerminusDB,0.068,2019-08
TerminusDB,0.051,2019-09
TerminusDB,0.015,2019-10
TerminusDB,0.006999999999999999,2019-11
TerminusDB,0.016,2019-12
Weaviate,0.0,2012-11
Weaviate,0.0,2012-12
Weaviate,0.0,2013-01
Weaviate,0.0,2013-02
Weaviate,0.0,2013-03
Weaviate,0.0,2013-04
Weaviate,0.0,2013-05
Weaviate,0.0,2013-06
Weaviate,0.0,2013-07
Weaviate,0.0,2013-08
Weaviate,0.0,2013-09
Weaviate,0.0,2013-10
Weaviate,0.0,2013-11
Weaviate,0.0,2013-12
Weaviate,0.0,2014-01
Weaviate,0.0,2014-02
Weaviate,0.0,2014-03
Weaviate,0.0,2014-04
Weaviate,0.0,2014-05
Weaviate,0.0,2014-06
Weaviate,0.0,2014-07
Weaviate,0.0,2014-08
Weaviate,0.0,2014-09
Weaviate,0.0,2014-10
Weaviate,0.0,2014-11
Weaviate,0.0,2014-12
Weaviate,0.0,2015-01
Weaviate,0.0,2015-02
Weaviate,0.0,2015-03
Weaviate,0.0,2015-04
Weaviate,0.0,2015-05
Weaviate,0.0,2015-06
Weaviate,0.0,2015-07
Weaviate,0.0,2015-08
Weaviate,0.0,2015-09
Weaviate,0.0,2015-10
Weaviate,0.0,2015-11
Weaviate,0.0,2015-12
Weaviate,0.0,2016-01
Weaviate,0.0,2016-02
Weaviate,0.0,2016-03
Weaviate,0.0,2016-04
Weaviate,0.0,2016-05
Weaviate,0.0,2016-06
Weaviate,0.0,2016-07
Weaviate,0.0,2016-08
Weaviate,0.0,2016-09
Weaviate,0.0,2016-10
Weaviate,0.0,2016-11
Weaviate,0.0,2016-12
Weaviate,0.0,2017-01
Weaviate,0.0,2017-02
Weaviate,0.0,2017-03
Weaviate,0.0,2017-04
Weaviate,0.0,2017-05
Weaviate,0.0,2017-06
Weaviate,0.0,2017-07
Weaviate,0.0,2017-08
Weaviate,0.0,2017-09
Weaviate,0.0,2017-10
Weaviate,0.0,2017-11
Weaviate,0.0,2017-12
Weaviate,0.0,2018-01
Weaviate,0.0,2018-02
Weaviate,0.0,2018-03
Weaviate,0.0,2018-04
Weaviate,0.0,2018-05
Weaviate,0.0,2018-06
Weaviate,0.0,2018-07
Weaviate,0.0,2018-08
Weaviate,0.0,2018-09
Weaviate,0.0,2018-10
Weaviate,0.0,2018-11
Weaviate,0.0,2018-12
Weaviate,0.0,2019-01
Weaviate,0.0,2019-02
Weaviate,0.0,2019-03
Weaviate,0.0,2019-04
Weaviate,0.0,2019-05
Weaviate,0.0,2019-06
Weaviate,0.0,2019-07
Weaviate,0.0,2019-08
Weaviate,0.0,2019-09
Weaviate,0.0,2019-10
Weaviate,0.005,2019-11
Weaviate,0.005,2019-12
VelocityGraph,0.0,2012-11
VelocityGraph,0.0,2012-12
VelocityGraph,0.0,2013-01
VelocityGraph,0.0,2013-02
VelocityGraph,0.0,2013-03
VelocityGraph,0.0,2013-04
VelocityGraph,0.0,2013-05
VelocityGraph,0.0,2013-06
VelocityGraph,0.0,2013-07
VelocityGraph,0.0,2013-08
VelocityGraph,0.0,2013-09
VelocityGraph,0.0,2013-10
VelocityGraph,0.0,2013-11
VelocityGraph,0.0,2013-12
VelocityGraph,0.0,2014-01
VelocityGraph,0.0,2014-02
VelocityGraph,0.0,2014-03
VelocityGraph,0.0,2014-04
VelocityGraph,0.0,2014-05
VelocityGraph,0.0,2014-06
VelocityGraph,0.0,2014-07
VelocityGraph,0.0,2014-08
VelocityGraph,0.0,2014-09
VelocityGraph,0.0,2014-10
VelocityGraph,0.0,2014-11
VelocityGraph,0.0,2014-12
VelocityGraph,0.0,2015-01
VelocityGraph,0.0,2015-02
VelocityGraph,0.0,2015-03
VelocityGraph,0.0,2015-04
VelocityGraph,0.0,2015-05
VelocityGraph,0.0,2015-06
VelocityGraph,0.0,2015-07
VelocityGraph,0.0,2015-08
VelocityGraph,0.0,2015-09
VelocityGraph,0.0,2015-10
VelocityGraph,0.0,2015-11
VelocityGraph,0.0,2015-12
VelocityGraph,0.0,2016-01
VelocityGraph,0.0,2016-02
VelocityGraph,0.0,2016-03
VelocityGraph,0.0,2016-04
VelocityGraph,0.0,2016-05
VelocityGraph,0.0,2016-06
VelocityGraph,0.0,2016-07
VelocityGraph,0.0,2016-08
VelocityGraph,0.0,2016-09
VelocityGraph,0.0,2016-10
VelocityGraph,0.0,2016-11
VelocityGraph,0.0,2016-12
VelocityGraph,0.0,2017-01
VelocityGraph,0.0,2017-02
VelocityGraph,0.0,2017-03
VelocityGraph,0.0,2017-04
VelocityGraph,0.0,2017-05
VelocityGraph,0.0,2017-06
VelocityGraph,0.0,2017-07
VelocityGraph,0.0,2017-08
VelocityGraph,0.0,2017-09
VelocityGraph,0.0,2017-10
VelocityGraph,0.005,2017-11
VelocityGraph,0.005,2017-12
VelocityGraph,0.005,2018-01
VelocityGraph,0.005,2018-02
VelocityGraph,0.005,2018-03
VelocityGraph,0.061,2018-04
VelocityGraph,0.128,2018-05
VelocityGraph,0.094,2018-06
VelocityGraph,0.16699999999999998,2018-07
VelocityGraph,0.187,2018-08
VelocityGraph,0.125,2018-09
VelocityGraph,0.122,2018-10
VelocityGraph,0.124,2018-11
VelocityGraph,0.126,2018-12
VelocityGraph,0.13,2019-01
VelocityGraph,0.102,2019-02
VelocityGraph,0.062,2019-03
VelocityGraph,0.015,2019-04
VelocityGraph,0.017,2019-05
VelocityGraph,0.005,2019-06
VelocityGraph,0.005,2019-07
VelocityGraph,0.035,2019-08
VelocityGraph,0.022000000000000002,2019-09
VelocityGraph,0.005,2019-10
VelocityGraph,0.005,2019-11
VelocityGraph,0.005,2019-12
GlobalsDB,0.0,2012-11
GlobalsDB,0.0,2012-12
GlobalsDB,0.0,2013-01
GlobalsDB,0.0,2013-02
GlobalsDB,0.0,2013-03
GlobalsDB,0.0,2013-04
GlobalsDB,0.0,2013-05
GlobalsDB,0.0,2013-06
GlobalsDB,0.0,2013-07
GlobalsDB,0.0,2013-08
GlobalsDB,0.0,2013-09
GlobalsDB,0.0,2013-10
GlobalsDB,0.0,2013-11
GlobalsDB,0.0,2013-12
GlobalsDB,0.0,2014-01
GlobalsDB,0.0,2014-02
GlobalsDB,0.0,2014-03
GlobalsDB,0.0,2014-04
GlobalsDB,0.0,2014-05
GlobalsDB,0.0,2014-06
GlobalsDB,0.0,2014-07
GlobalsDB,0.0,2014-08
GlobalsDB,0.0,2014-09
GlobalsDB,0.0,2014-10
GlobalsDB,0.0,2014-11
GlobalsDB,0.0,2014-12
GlobalsDB,0.0,2015-01
GlobalsDB,0.005,2015-02
GlobalsDB,0.005,2015-03
GlobalsDB,0.005,2015-04
GlobalsDB,0.005,2015-05
GlobalsDB,0.005,2015-06
GlobalsDB,0.005,2015-07
GlobalsDB,0.005,2015-08
GlobalsDB,0.005,2015-09
GlobalsDB,0.005,2015-10
GlobalsDB,0.005,2015-11
GlobalsDB,0.005,2015-12
GlobalsDB,0.005,2016-01
GlobalsDB,0.05,2016-02
GlobalsDB,0.005,2016-03
GlobalsDB,0.005,2016-04
GlobalsDB,0.005,2016-05
GlobalsDB,0.005,2016-06
GlobalsDB,0.005,2016-07
GlobalsDB,0.062,2016-08
GlobalsDB,0.099,2016-09
GlobalsDB,0.126,2016-10
GlobalsDB,0.153,2016-11
GlobalsDB,0.17600000000000002,2016-12
GlobalsDB,0.18100000000000002,2017-01
GlobalsDB,0.163,2017-02
GlobalsDB,0.177,2017-03
GlobalsDB,0.16399999999999998,2017-04
GlobalsDB,0.15,2017-05
GlobalsDB,0.127,2017-06
GlobalsDB,0.1,2017-07
GlobalsDB,0.06,2017-08
GlobalsDB,0.042,2017-09
GlobalsDB,0.077,2017-10
GlobalsDB,0.106,2017-11
GlobalsDB,0.096,2017-12
GlobalsDB,0.073,2018-01
GlobalsDB,0.061,2018-02
GlobalsDB,0.062,2018-03
GlobalsDB,0.062,2018-04
GlobalsDB,0.057,2018-05
GlobalsDB,0.06,2018-06
GlobalsDB,0.07400000000000001,2018-07
GlobalsDB,0.085,2018-08
GlobalsDB,0.096,2018-09
GlobalsDB,0.08900000000000001,2018-10
GlobalsDB,0.071,2018-11
GlobalsDB,0.073,2018-12
GlobalsDB,0.042,2019-01
GlobalsDB,0.019,2019-02
GlobalsDB,0.03,2019-03
GlobalsDB,0.032,2019-04
GlobalsDB,0.018000000000000002,2019-05
GlobalsDB,0.005,2019-06
GlobalsDB,0.005,2019-07
GlobalsDB,0.013000000000000001,2019-08
GlobalsDB,0.015,2019-09
GlobalsDB,0.018000000000000002,2019-10
GlobalsDB,0.006,2019-11
GlobalsDB,0.037000000000000005,2019-12
InfoGrid,0.0,2012-11
InfoGrid,0.0,2012-12
InfoGrid,0.057,2013-01
InfoGrid,0.053,2013-02
InfoGrid,0.031,2013-03
InfoGrid,0.005,2013-04
InfoGrid,0.028999999999999998,2013-05
InfoGrid,0.005,2013-06
InfoGrid,0.019,2013-07
InfoGrid,0.012,2013-08
InfoGrid,0.005,2013-09
InfoGrid,0.036000000000000004,2013-10
InfoGrid,0.042,2013-11
InfoGrid,0.052000000000000005,2013-12
InfoGrid,0.092,2014-01
InfoGrid,0.098,2014-02
InfoGrid,0.091,2014-03
InfoGrid,0.08900000000000001,2014-04
InfoGrid,0.075,2014-05
InfoGrid,0.08,2014-06
InfoGrid,0.09,2014-07
InfoGrid,0.092,2014-08
InfoGrid,0.09699999999999999,2014-09
InfoGrid,0.11199999999999999,2014-10
InfoGrid,0.121,2014-11
InfoGrid,0.129,2014-12
InfoGrid,0.136,2015-01
InfoGrid,0.14400000000000002,2015-02
InfoGrid,0.147,2015-03
InfoGrid,0.154,2015-04
InfoGrid,0.17800000000000002,2015-05
InfoGrid,0.237,2015-06
InfoGrid,0.207,2015-07
InfoGrid,0.171,2015-08
InfoGrid,0.228,2015-09
InfoGrid,0.15,2015-10
InfoGrid,0.214,2015-11
InfoGrid,0.214,2015-12
InfoGrid,0.153,2016-01
InfoGrid,0.132,2016-02
InfoGrid,0.14400000000000002,2016-03
InfoGrid,0.14400000000000002,2016-04
InfoGrid,0.128,2016-05
InfoGrid,0.11900000000000001,2016-06
InfoGrid,0.09,2016-07
InfoGrid,0.08900000000000001,2016-08
InfoGrid,0.09699999999999999,2016-09
InfoGrid,0.092,2016-10
InfoGrid,0.096,2016-11
InfoGrid,0.12300000000000001,2016-12
InfoGrid,0.141,2017-01
InfoGrid,0.162,2017-02
InfoGrid,0.11199999999999999,2017-03
InfoGrid,0.109,2017-04
InfoGrid,0.11900000000000001,2017-05
InfoGrid,0.128,2017-06
InfoGrid,0.122,2017-07
InfoGrid,0.132,2017-08
InfoGrid,0.142,2017-09
InfoGrid,0.133,2017-10
InfoGrid,0.126,2017-11
InfoGrid,0.114,2017-12
InfoGrid,0.096,2018-01
InfoGrid,0.122,2018-02
InfoGrid,0.127,2018-03
InfoGrid,0.11599999999999999,2018-04
InfoGrid,0.11199999999999999,2018-05
InfoGrid,0.096,2018-06
InfoGrid,0.09699999999999999,2018-07
InfoGrid,0.113,2018-08
InfoGrid,0.121,2018-09
InfoGrid,0.11599999999999999,2018-10
InfoGrid,0.113,2018-11
InfoGrid,0.136,2018-12
InfoGrid,0.158,2019-01
InfoGrid,0.18,2019-02
InfoGrid,0.226,2019-03
InfoGrid,0.275,2019-04
InfoGrid,0.223,2019-05
InfoGrid,0.223,2019-06
InfoGrid,0.259,2019-07
InfoGrid,0.22399999999999998,2019-08
InfoGrid,0.23600000000000002,2019-09
InfoGrid,0.228,2019-10
InfoGrid,0.23,2019-11
InfoGrid,0.23600000000000002,2019-12
Sqrrl,0.0,2012-11
Sqrrl,0.0,2012-12
Sqrrl,0.0,2013-01
Sqrrl,0.0,2013-02
Sqrrl,0.0,2013-03
Sqrrl,0.0,2013-04
Sqrrl,0.0,2013-05
Sqrrl,0.0,2013-06
Sqrrl,0.0,2013-07
Sqrrl,0.0,2013-08
Sqrrl,0.0,2013-09
Sqrrl,0.0,2013-10
Sqrrl,0.0,2013-11
Sqrrl,0.0,2013-12
Sqrrl,0.0,2014-01
Sqrrl,0.036000000000000004,2014-02
Sqrrl,0.05,2014-03
Sqrrl,0.032,2014-04
Sqrrl,0.039,2014-05
Sqrrl,0.025,2014-06
Sqrrl,0.039,2014-07
Sqrrl,0.052000000000000005,2014-08
Sqrrl,0.146,2014-09
Sqrrl,0.132,2014-10
Sqrrl,0.175,2014-11
Sqrrl,0.177,2014-12
Sqrrl,0.18600000000000003,2015-01
Sqrrl,0.23,2015-02
Sqrrl,0.261,2015-03
Sqrrl,0.263,2015-04
Sqrrl,0.258,2015-05
Sqrrl,0.301,2015-06
Sqrrl,0.391,2015-07
Sqrrl,0.37799999999999995,2015-08
Sqrrl,0.41100000000000003,2015-09
Sqrrl,0.34299999999999997,2015-10
Sqrrl,0.428,2015-11
Sqrrl,0.42,2015-12
Sqrrl,0.32799999999999996,2016-01
Sqrrl,0.32799999999999996,2016-02
Sqrrl,0.33399999999999996,2016-03
Sqrrl,0.32299999999999995,2016-04
Sqrrl,0.302,2016-05
Sqrrl,0.306,2016-06
Sqrrl,0.297,2016-07
Sqrrl,0.254,2016-08
Sqrrl,0.264,2016-09
Sqrrl,0.36200000000000004,2016-10
Sqrrl,0.261,2016-11
Sqrrl,0.27699999999999997,2016-12
Sqrrl,0.272,2017-01
Sqrrl,0.255,2017-02
Sqrrl,0.287,2017-03
Sqrrl,0.32799999999999996,2017-04
Sqrrl,0.39,2017-05
Sqrrl,0.465,2017-06
Sqrrl,0.47200000000000003,2017-07
Sqrrl,0.49,2017-08
Sqrrl,0.503,2017-09
Sqrrl,0.512,2017-10
Sqrrl,0.503,2017-11
Sqrrl,0.474,2017-12
Sqrrl,0.44299999999999995,2018-01
Sqrrl,0.419,2018-02
Sqrrl,0.418,2018-03
Sqrrl,0.466,2018-04
Sqrrl,0.39299999999999996,2018-05
Sqrrl,0.332,2018-06
Sqrrl,0.287,2018-07
Sqrrl,0.35,2018-08
Sqrrl,0.34700000000000003,2018-09
Sqrrl,0.34299999999999997,2018-10
Sqrrl,0.376,2018-11
Sqrrl,0.336,2018-12
Sqrrl,0.32799999999999996,2019-01
Sqrrl,0.375,2019-02
Sqrrl,0.442,2019-03
Sqrrl,0.498,2019-04
Sqrrl,0.594,2019-05
Sqrrl,0.6,2019-06
Sqrrl,0.5870000000000001,2019-07
Sqrrl,0.5660000000000001,2019-08
Sqrrl,0.5429999999999999,2019-09
Sqrrl,0.498,2019-10
Sqrrl,0.479,2019-11
Sqrrl,0.489,2019-12
Titan,0.0,2012-11
Titan,0.0,2012-12
Titan,0.0,2013-01
Titan,0.0,2013-02
Titan,0.0,2013-03
Titan,0.0,2013-04
Titan,0.0,2013-05
Titan,0.0,2013-06
Titan,0.0,2013-07
Titan,0.0,2013-08
Titan,0.0,2013-09
Titan,0.0,2013-10
Titan,0.0,2013-11
Titan,0.0,2013-12
Titan,0.0,2014-01
Titan,0.0,2014-02
Titan,0.0,2014-03
Titan,0.0,2014-04
Titan,0.0,2014-05
Titan,0.0,2014-06
Titan,0.0,2014-07
Titan,0.0,2014-08
Titan,0.0,2014-09
Titan,0.0,2014-10
Titan,0.0,2014-11
Titan,0.0,2014-12
Titan,0.0,2015-01
Titan,0.0,2015-02
Titan,0.0,2015-03
Titan,0.0,2015-04
Titan,0.0,2015-05
Titan,0.573,2015-06
Titan,0.608,2015-07
Titan,0.604,2015-08
Titan,0.898,2015-09
Titan,0.885,2015-10
Titan,1.172,2015-11
Titan,1.263,2015-12
Titan,1.286,2016-01
Titan,1.53,2016-02
Titan,1.7309999999999999,2016-03
Titan,1.8730000000000002,2016-04
Titan,1.86,2016-05
Titan,2.015,2016-06
Titan,2.059,2016-07
Titan,2.061,2016-08
Titan,2.3209999999999997,2016-09
Titan,2.613,2016-10
Titan,2.85,2016-11
Titan,2.911,2016-12
Titan,3.3819999999999997,2017-01
Titan,3.923,2017-02
Titan,3.605,2017-03
Titan,3.511,2017-04
Titan,3.655,2017-05
Titan,3.89,2017-06
Titan,4.231,2017-07
Titan,4.512,2017-08
Titan,5.517,2017-09
Titan,6.058,2017-10
Titan,5.983,2017-11
Titan,5.652,2017-12
Titan,5.351,2018-01
Titan,5.2860000000000005,2018-02
Titan,5.112,2018-03
Titan,4.803999999999999,2018-04
Titan,5.074,2018-05
Titan,5.272,2018-06
Titan,4.887,2018-07
Titan,5.059,2018-08
Titan,5.121,2018-09
Titan,5.462000000000001,2018-10
Titan,5.461,2018-11
Titan,5.502000000000001,2018-12
Titan,5.079,2019-01
Titan,4.867,2019-02
Titan,4.63,2019-03
Titan,4.842,2019-04
Titan,5.256,2019-05
Titan,4.928,2019-06
Titan,5.215,2019-07
Titan,5.49,2019-08
Titan,5.47,2019-09
Titan,5.684,2019-10
Titan,5.81,2019-11
Titan,6.2589999999999995,2019-12
