name,count,score,weight_score,page_id,picture
金高银,10万,72,72.01,950983,https://img1.qunliao.info/fastdfs4/M00/C9/81/180x135/crop/-/ChNLklzBfPuATHJWAACCPzsvRg8880.jpg
景甜,21万,81,81.02,1039791,https://img1.qunliao.info/fastdfs4/M00/CA/0A/180x135/crop/-/ChMf8FzkrKyAIy0DAAd3q6ibP30634.png
汪可盈,15万,90,90.01,1053424,https://img1.qunliao.info/fastdfs4/M00/CA/0D/180x135/crop/-/ChNLklzmZUKAZc6dAAVGMtOzx8g662.png
石川恋,30万,96,96.03,1069476,https://img1.qunliao.info/fastdfs4/M00/CA/12/180x135/crop/-/ChMf8Fzns9-ATbokAAMVf-bMyoY371.png
佩内洛普-克鲁兹,15万,90,90.01,1072265,https://img1.qunliao.info/fastdfs4/M00/CA/17/180x135/crop/-/ChMf8FzpJhWADEypAAE_WBvcGbE138.jpg
孙俪,12万,84,84.01,1075312,https://img1.qunliao.info/fastdfs4/M00/CA/1E/180x135/crop/-/ChNLklzrUb-ABZ9sAAamZKLLACA034.png
林心如,7万,67,67.01,1078899,https://img1.qunliao.info/fastdfs4/M00/CA/22/180x135/crop/-/ChMf8Fzrj0yAHUXLAAEIIrhOXCY156.jpg
朴敏英,5万,87,87.01,1081668,https://img1.qunliao.info/fastdfs4/M00/CA/28/180x135/crop/-/ChMf8Fzt6ieAEhmXAAPR6R9UsbA541.png
江一燕,8万,89,89.01,1083878,https://img1.qunliao.info/fastdfs4/M00/CA/28/180x135/crop/-/ChNLklzuW7mAKxUkAAB6cWRVtHo375.jpg
唐艺昕,6万,87,87.01,1135665,https://img1.qunliao.info/fastdfs4/M00/CA/8D/180x135/crop/-/ChMf8F0NxiSAVv_NAADy4nwBXjc670.jpg
张慧雯,1万,83,83.0,1137501,https://img1.qunliao.info/fastdfs4/M00/CA/93/180x135/crop/-/ChMf8F0PIbmAU2OSAAZL_2qsQqQ170.jpg
刘嘉玲,4万,74,74.0,1139540,https://img1.qunliao.info/fastdfs4/M00/CA/96/180x135/crop/-/ChNLkl0QjNyAaKTDAABgrGMMpt4400.jpg
张子枫,7万,85,85.01,1146909,https://img1.qunliao.info/fastdfs4/M00/CA/B6/180x135/crop/-/ChMf8F0WADuAO34uAA8Q_HFxtM4135.png
李小冉,5万,88,88.01,1148667,https://img1.qunliao.info/fastdfs4/M00/CA/BC/180x135/crop/-/ChNLkl0YIAmAFqdFAABdqUsD-Z8970.jpg
李昕岳,5万,53,53.01,1155543,https://img1.qunliao.info/fastdfs4/M00/CA/CD/180x135/crop/-/ChMf8F0cXwKASDweAABbMvSnXhE918.jpg
吴优,7万,84,84.01,1158300,https://img1.qunliao.info/fastdfs4/M00/CA/D6/180x135/crop/-/ChMf8F0fHEKACfHuAAFjxmL0PDE687.jpg
花泽香菜,5万,82,82.01,1158313,https://img1.qunliao.info/fastdfs4/M00/CA/D9/180x135/crop/-/ChMf8F0gYLKAakyaAACqDFNlzzc901.jpg
陈慧琳,3万,90,90.0,1167991,https://img1.qunliao.info/fastdfs4/M00/CA/F7/180x135/crop/-/ChMf8F0pSMyAaKD4AAChcnGLtYI696.jpg
闫妮,6万,92,92.01,1173681,https://img1.qunliao.info/fastdfs4/M00/CB/14/180x135/crop/-/ChNLkl0xXrWAaPP0AAgGO5jjE1s107.png
蒋欣,3万,86,86.0,1174124,https://img1.qunliao.info/fastdfs4/M00/CB/18/180x135/crop/-/ChNLkl0yhG-AOBcXAAFWCP0bvbM543.jpg
辛芷蕾,5万,85,85.01,1179558,https://img1.qunliao.info/fastdfs4/M00/CB/42/180x135/crop/-/ChMf8F07xPOAegh1AAEnYVW7MNs834.jpg
迪丽热巴,30万,89.0,89.03,797779,https://img1.qunliao.info/fastdfs3/M00/61/CA/180x135/crop/-/ChOxM1uhtvGACNL_AAPvKSEhLJQ791.png
古力娜扎,20万,88.0,88.02,798893,https://img1.qunliao.info/fastdfs3/M00/62/80/180x135/crop/-/ChOxM1ujGI2AGlb7AAIR5IDXzhs895.jpg
王祖贤,30万,95,95.03,799761,https://img1.qunliao.info/fastdfs3/M00/63/1C/180x135/crop/-/ChOxM1ukXtOADRXCAAL2Y5F0Vi8342.png
桂纶镁,20万,76,76.02,799761,https://img1.qunliao.info/fastdfs3/M00/63/1C/180x135/crop/-/ChOxM1ukXtOADRXCAAL2Y5F0Vi8342.png
斯嘉丽-约翰逊,45万,94,94.04,802051,https://img1.qunliao.info/fastdfs3/M00/64/7A/180x135/crop/-/ChOxM1um-eWAA4kiAAB8VgiYMXA187.jpg
盖尔-加朵,30万,91,91.03,802767,https://img1.qunliao.info/fastdfs3/M00/64/E7/180x135/crop/-/ChOxM1unrmqAcsIAAANgWJFg5GM686.png
长泽雅美,20万,81,81.02,804087,https://img1.qunliao.info/fastdfs3/M00/65/FC/180x135/crop/-/ChOxM1upwneAQKiZAANvxmCcnw0223.png
邱淑贞,30万,94,94.03,804913,https://img1.qunliao.info/fastdfs3/M00/66/71/180x135/crop/-/ChOxM1uqoO2APMwvAAHVbqFXhxw860.jpg
杨超越,40万,58,58.04,806213,https://img1.qunliao.info/fastdfs3/M00/67/34/180x135/crop/-/ChOxM1usSWCAPPLpAAFjjkjEkQs483.jpg
Angelababy,30万,56,56.03,807093,https://img1.qunliao.info/fastdfs3/M00/67/CA/180x135/crop/-/ChOxM1utl1qAX7gCAAJf0g1skuY665.png
郭碧婷,26万,85,85.03,807937,https://img1.qunliao.info/fastdfs3/M00/68/62/180x135/crop/-/ChOxM1uu8N2ASTmFAAFvDBPbXRs820.png
苏菲-玛索,26万,94,94.03,809533,https://img1.qunliao.info/fastdfs3/M00/69/1E/180x135/crop/-/ChOxM1uwOkCAAwbQAAFLt9kao_E742.jpg
尹素婉,30万,74,74.03,810539,https://img1.qunliao.info/fastdfs3/M00/69/B9/180x135/crop/-/ChOxM1uxj6qAKAoLAAFd1FBBUJQ053.png
刘亦菲,35万,91,91.04,811183,https://img1.qunliao.info/fastdfs3/M00/6A/47/180x135/crop/-/ChOxM1uy37KAOOTSAAFbvf9hNcY489.png
斋藤飞鸟,20万,82,82.02,812123,https://img1.qunliao.info/fastdfs3/M00/6B/00/180x135/crop/-/ChOxM1u0TnKAZfvOAABqEv13WnI588.jpg
柳岩,35万,85,85.04,813611,https://img1.qunliao.info/fastdfs3/M00/6C/0A/180x135/crop/-/ChOxM1u2UZCAPFHUAAGHvRVZsoY492.jpg
安妮-海瑟薇,30万,93,93.03,814697,https://img1.qunliao.info/fastdfs3/M00/6C/C7/180x135/crop/-/ChOxM1u4KtaAWFogAAG6eDlKIPU266.png
高圆圆,40万,95,95.04,815811,https://img1.qunliao.info/fastdfs3/M00/6D/84/180x135/crop/-/ChOxM1u5dxaAHTTQAAEBhT8ZDDk787.jpg
张静初,20万,85,85.02,816963,https://img1.qunliao.info/fastdfs3/M00/6E/35/180x135/crop/-/ChOxM1u6yWOAAzwuAAOM7Qh-U1g933.png
朴孝敏,25万,81,81.03,817227,https://img1.qunliao.info/fastdfs3/M00/6E/62/180x135/crop/-/ChOxM1u7IUOAKIZCAAGSpeY5uzE266.jpg
艾玛-沃特森,30万,93,93.03,818107,https://img1.qunliao.info/fastdfs3/M00/6E/F8/180x135/crop/-/ChOxM1u8ayqAG6yLAAtT-by_V9E862.png
张钧甯,25万,87,87.03,819217,https://img1.qunliao.info/fastdfs3/M00/6F/B0/180x135/crop/-/ChOxM1u-FvaAaNq-AANhqJDVAs8867.png
黎姿,20万,89,89.02,820149,https://img1.qunliao.info/fastdfs3/M00/70/61/180x135/crop/-/ChOxM1vADZSAXzFWAABlGsuPxQg759.jpg
佐佐木希,20万,90,90.02,820793,https://img1.qunliao.info/fastdfs3/M00/70/99/180x135/crop/-/ChOxM1vAhkeAU4zWAAZokFRkmys534.png
鞠婧祎,30万,81,81.03,821787,https://img1.qunliao.info/fastdfs3/M00/71/70/180x135/crop/-/ChOxM1vCGJSABrjiAABwXKkuTB8013.jpg
全智贤,20万,84,84.02,822525,https://img1.qunliao.info/fastdfs3/M00/72/44/180x135/crop/-/ChOxM1vEEy-AZE7EAAJX-Y4OJwM110.jpg
阿曼达-塞弗里德,10万,71,71.01,823177,https://img1.qunliao.info/fastdfs3/M00/72/70/180x135/crop/-/ChOxM1vEaaSAetS2AAKjSZZ7X50582.png
赵丽颖,25万,70,70.03,824093,https://img1.qunliao.info/fastdfs3/M00/73/A5/180x135/crop/-/ChOxM1vGpBCACD4HAAQEU47wpjg667.png
张柏芝,20万,83,83.02,824995,https://img1.qunliao.info/fastdfs3/M00/74/2C/180x135/crop/-/ChOxM1vH-BCAJn5cABCJ91fBlcA530.png
石原里美,25万,86,86.03,826965,https://img1.qunliao.info/fastdfs3/M00/75/1A/180x135/crop/-/ChOxM1vJ8JCAWbhrAADhFyq9cs0637.jpg
林允儿,30万,91,91.03,827673,https://img1.qunliao.info/fastdfs3/M00/76/3A/180x135/crop/-/ChOxM1vL-TGAJyquAABvi0vmnEA205.jpg
马思纯,25万,83,83.03,829423,https://img1.qunliao.info/fastdfs3/M00/76/8C/180x135/crop/-/ChOxM1vMhs2AXDG7AAFpjAd0kiY520.png
伊丽莎白-奥尔森,25万,88,88.03,830441,https://img1.qunliao.info/fastdfs3/M00/77/7C/180x135/crop/-/ChOxM1vOi0WAIlrNAAHfRLtXgms070.png
林青霞,25万,91,91.03,831341,https://img1.qunliao.info/fastdfs3/M00/77/CC/180x135/crop/-/ChOxM1vO_cqAKM58AAKZRWCB3EA193.png
倪妮,25万,87,87.03,832491,https://img1.qunliao.info/fastdfs3/M00/78/86/180x135/crop/-/ChOxM1vQWlGAMvuzAAMYWsf34Sg109.png
王鸥,30万,84,84.03,833579,https://img1.qunliao.info/fastdfs3/M00/79/34/180x135/crop/-/ChOxM1vRpeGAelSoAARv1cSQorA494.png
孙艺珍,15万,86,86.01,834697,https://img1.qunliao.info/fastdfs3/M00/79/D0/180x135/crop/-/ChOxM1vTAdOAN6fpAAA22O-RYrk189.jpg
板野友美,20万,82,82.02,835685,https://img1.qunliao.info/fastdfs3/M00/7A/DA/180x135/crop/-/ChOxM1vVIU2AFXQ4AADZl00-zWE170.jpg
江疏影,35万,91,91.04,836819,https://img1.qunliao.info/fastdfs3/M00/7B/42/180x135/crop/-/ChOxM1vVqv6AIP6mAAMPQbKJ9e4789.png
娜塔莉-波特曼,20万,87,87.02,838353,https://img1.qunliao.info/fastdfs3/M00/7C/2F/180x135/crop/-/ChOxM1vW932AJ0IjAAGigv5qMGk618.png
李若彤,30万,93,93.03,839385,https://img1.qunliao.info/fastdfs3/M00/7C/ED/180x135/crop/-/ChOxM1vYZbiAB8bDAAMpuc1BwSg083.png
程潇,30万,79,79.03,840601,https://img1.qunliao.info/fastdfs3/M00/7D/C1/180x135/crop/-/ChOxM1vaJq2AGAAvAABy50igqz8755.jpg
林志玲,40万,95,95.04,841271,https://img1.qunliao.info/fastdfs3/M00/7E/2B/180x135/crop/-/ChOxM1va55-AJZevAABp2ybVdGU578.jpg
李知恩,20万,79,79.02,842021,https://img1.qunliao.info/fastdfs3/M00/7E/C4/180x135/crop/-/ChOxM1vcOEOAJZpLAARMeEmO3V8112.png
新垣结衣,40万,90,90.04,842925,https://img1.qunliao.info/fastdfs3/M00/7F/3B/180x135/crop/-/ChOxM1vdSIWAMnMAAANKDgS-3LQ039.png
刘诗诗,20万,84,84.02,844623,https://img1.qunliao.info/fastdfs3/M00/80/3C/180x135/crop/-/ChOxM1ve9miAT8PwAAO5lQDX5rw910.png
莫妮卡-贝鲁奇,30万,94,94.03,845445,https://img1.qunliao.info/fastdfs3/M00/81/12/180x135/crop/-/ChOxM1vhCgOAML8DAAByq9HSEQA456.jpg
李嘉欣,30万,94,94.03,846549,https://img1.qunliao.info/fastdfs3/M00/81/4E/180x135/crop/-/ChOxM1vhgPaAUKiEAAEu3ZG69Gk837.png
张天爱,20万,86,86.02,847693,https://img1.qunliao.info/fastdfs3/M00/81/E6/180x135/crop/-/ChOxM1viz7iAKHaCAAG7FxZIgpE613.png
冯提莫,55万,50,50.06,848805,https://img1.qunliao.info/fastdfs3/M00/82/95/180x135/crop/-/ChOxM1vj_QmAK9xkAAIeFVjOA5A931.png
宋慧乔,20万,87,87.02,849837,https://img1.qunliao.info/fastdfs3/M00/83/6E/180x135/crop/-/ChOxM1vlwJyAMlfeAABLzHc8DiY784.jpg
桥本环奈,20万,83,83.02,850839,https://img1.qunliao.info/fastdfs3/M00/84/1A/180x135/crop/-/ChOxM1vmyAuAYe6CAAHlvOJASrs414.png
杨幂,30万,73,73.03,852205,https://img1.qunliao.info/fastdfs3/M00/84/FC/180x135/crop/-/ChOxM1voLWeAVHRFAAX8PO1pjBs247.png
伊娃-格林,30万,92,92.03,853491,https://img1.qunliao.info/fastdfs3/M00/86/1C/180x135/crop/-/ChOxM1vqPOSAaLZKAAYLBJ8Ckg8615.png
张敏,35万,93,93.04,854705,https://img1.qunliao.info/fastdfs3/M00/86/9B/180x135/crop/-/ChOxM1vrQJuAJr47AAdHWXoRLP0379.png
李沁,25万,86,86.03,855067,https://img1.qunliao.info/fastdfs3/M00/86/E5/180x135/crop/-/ChOxM1vr6TWAe-NiAAJKpXXxo1A932.png
陈意涵,20万,75,75.02,856083,https://img1.qunliao.info/fastdfs3/M00/87/CA/180x135/crop/-/ChOxM1vtvjyAebMPAAbm0FtlveM130.png
李成敏,35万,93,93.04,856811,https://img1.qunliao.info/fastdfs3/M00/88/21/180x135/crop/-/ChOxM1vuolKACDwlAAZGyA01Exw908.png
坂井泉水,30万,93,93.03,856939,https://img1.qunliao.info/fastdfs3/M00/88/47/180x135/crop/-/ChOxM1vu6VOAf3-tAAEsM3DhSew248.png
汤唯,30万,91,91.03,858133,https://img1.qunliao.info/fastdfs3/M00/89/2D/180x135/crop/-/ChOxM1vxGJCAZWAMAAL7dut0piM032.png
杰西卡-阿尔芭,25万,92,92.03,859181,https://img1.qunliao.info/fastdfs3/M00/89/CD/180x135/crop/-/ChOxM1vyn_OAP3cOAASaCHydHaU784.png
关晓彤,40万,51,51.04,860193,https://img1.qunliao.info/fastdfs3/M00/8A/69/180x135/crop/-/ChOxM1v0CXuAaOUmAAO0FEt8TOU955.png
田馥甄,30万,85,85.03,861055,https://img1.qunliao.info/fastdfs3/M00/8B/02/180x135/crop/-/ChOxM1v1WimAfTANAAIZ3G1nwbo348.png
蓝洁瑛,30万,92,92.03,861843,https://img1.qunliao.info/fastdfs3/M00/8B/70/180x135/crop/-/ChOxM1v2b7mAareVAAHQY5-oaKQ648.png
宋智孝,25万,87,87.03,862721,https://img1.qunliao.info/fastdfs3/M00/8C/57/180x135/crop/-/ChOxM1v4u4iAVSK_AAGrEf734-Q668.png
吉冈里帆,25万,89,89.03,863487,https://img1.qunliao.info/fastdfs3/M00/8C/8F/180x135/crop/-/ChOxM1v5KRiAAx_XAARAWKj4WD8373.png
张梓琳,20万,88,88.02,864665,https://img1.qunliao.info/fastdfs3/M00/8D/6B/180x135/crop/-/ChOxM1v6kwmABRaQAAF7_EEWjX0452.png
詹妮弗-康纳利,20万,94,94.02,865229,https://img1.qunliao.info/fastdfs3/M00/8D/F5/180x135/crop/-/ChOxM1v7w4iADIEfAAoiZvtWU1k427.png
朱茵,50万,96,96.05,866523,https://img1.qunliao.info/fastdfs3/M00/8E/8B/180x135/crop/-/ChOxM1v84HuAdkMvAAJ9cBvXRsg715.png
周冬雨,30万,66,66.03,868005,https://img1.qunliao.info/fastdfs3/M00/8F/83/180x135/crop/-/ChOxM1v-4IaAGg3EAAEXEULWr6Q116.png
陈乔恩,30万,84,84.03,868875,https://img1.qunliao.info/fastdfs3/M00/8F/F8/180x135/crop/-/ChOxM1v_55SAZMIMAAPrkkTetFE053.png
朴恩率,30万,66,66.03,869631,https://img1.qunliao.info/fastdfs3/M00/90/7F/180x135/crop/-/ChOxM1wBJ1mAVJ4BAADyecmCqdE260.png
贾静雯,30万,93,93.03,870060,https://img1.qunliao.info/fastdfs3/M00/91/8F/180x135/crop/-/ChOxM1wDTx6AC9odAABN1l50mdY208.jpg
王菲,30万,72,72.03,870554,https://img1.qunliao.info/fastdfs3/M00/92/40/180x135/crop/-/ChOxM1wEnQyAYbYBAAHJIVP5vYo129.png
查理兹-塞隆,20万,86,86.02,871059,https://img1.qunliao.info/fastdfs3/M00/92/6F/180x135/crop/-/ChOxM1wE9Q6AN9PwAANB3GazLBs700.png
周慧敏,20万,95,95.02,871511,https://img1.qunliao.info/fastdfs3/M00/93/1D/180x135/crop/-/ChOxM1wGHQmAS7WiAAKJVPqHJTE252.png
杨紫,30万,75,75.03,872099,https://img1.qunliao.info/fastdfs3/M00/93/E1/180x135/crop/-/ChOxM1wHjkGAPENGAALBSIe4RY8803.png
舒淇,25万,79,79.03,872711,https://img1.qunliao.info/fastdfs3/M00/94/C8/180x135/crop/-/ChOxM1wI9fOATliPAAB0-1FSb5w278.jpg
真野惠里菜,30万,87,87.03,873102,https://img1.qunliao.info/fastdfs3/M00/95/66/180x135/crop/-/ChOxM1wKNSiANkfOAAPA-DcRPxI405.png
裴秀智,25万,85,85.03,873294,https://img1.qunliao.info/fastdfs3/M00/95/AE/180x135/crop/-/ChOxM1wKqfyAAbmmAACSKhik4DM002.jpg
唐嫣,30万,86,86.03,873302,https://img1.qunliao.info/fastdfs3/M00/95/B4/180x135/crop/-/ChOxM1wKuMGAfvH0AABnLE3vXjU844.jpg
妮可-基德曼,30万,91,91.03,874221,https://img1.qunliao.info/fastdfs3/M00/96/F1/180x135/crop/-/ChOxM1wNK7yATxw-AAHw1MBhtPw009.png
钟楚红,20万,87,87.02,874754,https://img1.qunliao.info/fastdfs3/M00/97/98/180x135/crop/-/ChOxM1wOjC-ATstqAAILswhoOPo674.png
周韦彤,55万,88,88.06,874930,https://img1.qunliao.info/fastdfs3/M00/98/2F/180x135/crop/-/ChOxM1wP0wSAPBrRAAqz4hXUuzk110.png
哈妮克孜,40万,84,84.04,876179,https://img1.qunliao.info/fastdfs3/M00/99/5A/180x135/crop/-/ChOxM1wSMMiAcsNRAARQ-5V2Eew377.png
金泫雅,30万,81,81.03,876770,https://img1.qunliao.info/fastdfs3/M00/9A/0C/180x135/crop/-/ChOxM1wTr8uAWko3AAMgIxjxUng644.png
许晴,30万,86,86.03,877160,https://img1.qunliao.info/fastdfs3/M00/9A/F7/180x135/crop/-/ChOxM1wVyEaAZyBwAAAzbEVmr98782.jpg
艾梅柏-希尔德,30万,91,91.03,877778,https://img1.qunliao.info/fastdfs3/M00/9B/2E/180x135/crop/-/ChOxM1wWKvmAArbDAAQHB-Aqik0274.png
刘涛,35万,86,86.04,878461,https://img1.qunliao.info/fastdfs3/M00/9C/39/180x135/crop/-/ChOxM1wXlWaAcLl-AAHqLHmB748093.png
章子怡,35万,77,77.04,879194,https://img1.qunliao.info/fastdfs3/M00/9D/12/180x135/crop/-/ChOxM1wY-4-AB1VbAAGSwTph0U0294.png
钟丽缇,25万,84,84.03,879830,https://img1.qunliao.info/fastdfs3/M00/9D/AA/180x135/crop/-/ChOxM1waVViATr9lAAB0OPrFOX4521.jpg
范冰冰,50万,65,65.05,880144,https://img1.qunliao.info/fastdfs3/M00/9E/A0/180x135/crop/-/ChOxM1wcS62AEw0MAAKQLo8bsJs728.png
金惠美,55万,90,90.06,880653,https://img1.qunliao.info/fastdfs3/M00/9E/C1/180x135/crop/-/ChOxM1wcgqyAdOl7AAM3KsOj1Y8847.png
章泽天,40万,77,77.04,881199,https://img1.qunliao.info/fastdfs3/M00/9F/72/180x135/crop/-/ChOxM1wd3qKAaNDnAAMMvcrzRo0947.png
艾薇儿,30万,87,87.03,882032,https://img1.qunliao.info/fastdfs3/M00/A0/5B/180x135/crop/-/ChOxM1wfYyKAenz_AAHPOJynRuU924.png
陈好,30万,84,84.03,882432,https://img1.qunliao.info/fastdfs3/M00/A0/D0/180x135/crop/-/ChOxM1wgf2qAbgibAAMqOjeUy3w327.png
马凡舒,50万,89,89.05,883044,https://img1.qunliao.info/fastdfs3/M00/A1/96/180x135/crop/-/ChOxM1wiKl-AP27SAAbMboYo_0Y755.png
孟美岐,40万,67,67.04,883393,https://img1.qunliao.info/fastdfs3/M00/A2/1D/180x135/crop/-/ChOxM1wjZyKAUtZqAAIcUivs6og358.png
莉莉-柯林斯,30万,88,88.03,884229,https://img1.qunliao.info/fastdfs3/M00/A2/F7/180x135/crop/-/ChOxM1wk37iAH_tHAABetcegY9s918.jpg
绫濑遥,30万,81,81.03,884828,https://img1.qunliao.info/fastdfs3/M00/A3/6B/180x135/crop/-/ChOxM1wl50eAYirhAATJ2zTKb3A368.png
李惠利,20万,80,80.02,885468,https://img1.qunliao.info/fastdfs3/M00/A4/8C/180x135/crop/-/ChOxM1woLf-AJX79AAGKsyqUj1w831.png
韩雪,30万,87,87.03,886131,https://img1.qunliao.info/fastdfs3/M00/A5/43/180x135/crop/-/ChOxM1wpiKyADcDGAAJIOtrntbE859.png
梅根-福克斯,30万,91,91.03,886673,https://img1.qunliao.info/fastdfs3/M00/A5/FA/180x135/crop/-/ChOxM1wq2zmAPmRgAAHdF7yePec884.jpg
陈妍希,30万,82,82.03,887196,https://img1.qunliao.info/fastdfs3/M00/A6/1B/180x135/crop/-/ChOxM1wrBnWAAdp0AAiDnneEjrQ212.png
俞飞鸿,30万,89,89.03,887630,https://img1.qunliao.info/fastdfs3/M00/A6/A6/180x135/crop/-/ChOxM1wsPeuAXB5iAAIZ7NhZ2oQ553.png
宋祖儿,25万,87,87.03,888546,https://img1.qunliao.info/fastdfs3/M00/A7/9A/180x135/crop/-/ChOxM1wt9DCAS9nUAAA-6rBz9Ac985.jpg
小嶋阳菜,25万,89,89.03,889236,https://img1.qunliao.info/fastdfs3/M00/A8/D9/180x135/crop/-/ChOxM1wwIY6Ac0bQAAC8OjrA_s4709.jpg
金智秀,25万,86,86.03,889907,https://img1.qunliao.info/fastdfs3/M00/A9/8D/180x135/crop/-/ChOxM1wxZHyAbhxBAABAe0Uv0jA276.jpg
胡静,30万,79,79.03,890229,https://img1.qunliao.info/fastdfs3/M00/A9/D0/180x135/crop/-/ChOxM1wxy92AbD7lAAF3SbZDyeo447.png
张曼玉,25万,89,89.03,890958,https://img1.qunliao.info/fastdfs3/M00/AA/8D/180x135/crop/-/ChOxM1wzFqqAWCyvAAMYc-yolKw596.png
泰勒-斯威夫特,40万,90,90.04,891808,https://img1.qunliao.info/fastdfs3/M00/AB/99/180x135/crop/-/ChOxM1w0qGqASlMVAAOuZD627c4134.png
昆凌,30万,86,86.03,892095,https://img1.qunliao.info/fastdfs3/M00/AC/02/180x135/crop/-/ChOxM1w1jSCAEWFCAAKzRvat5HQ766.png
米兰达-可儿,20万,89,89.02,892716,https://img1.qunliao.info/fastdfs3/M00/AC/B2/180x135/crop/-/ChOxM1w24LGANS6SAALsgHDztqM458.png
苍井优,20万,74,74.02,893581,https://img1.qunliao.info/fastdfs3/M00/AD/AC/180x135/crop/-/ChOxM1w4q3yAJlFeAAA2macv28M595.jpg
李宣美,20万,84,84.02,893917,https://img1.qunliao.info/fastdfs3/M00/AE/5B/180x135/crop/-/ChOxM1w5jgGAQYUJAAL6TmusDK8315.png
陈红,20万,88,88.02,894604,https://img1.qunliao.info/fastdfs3/M00/AF/3A/180x135/crop/-/ChOxM1w7NtmAGLXbAACdNdhaoRs959.jpg
玛格特-罗比,20万,89,89.02,895223,https://img1.qunliao.info/fastdfs3/M00/B2/76/180x135/crop/-/ChOxM1w9TjaAWEQvAAc8ryOoSyE370.png
李一桐,20万,84,84.02,895814,https://img1.qunliao.info/fastdfs3/M00/B3/2C/180x135/crop/-/ChOxM1w-ogqAcE01AACry_JpSZ4746.jpg
周二珂,30万,83,83.03,896424,https://img1.qunliao.info/fastdfs3/M00/B3/F0/180x135/crop/-/ChOxM1w_5YaAX-TXAAKSSjVJXOg113.png
李丽珍,20万,93,93.02,896975,https://img1.qunliao.info/fastdfs3/M00/B4/33/180x135/crop/-/ChOxM1xAVX-AEikRAAHjqnaJpmw580.png
松冈茉优,10万,83,83.01,897660,https://img1.qunliao.info/fastdfs3/M00/B5/12/180x135/crop/-/ChOxM1xB9cyALbfjAACQixuiSA8741.jpg
李孝利,20万,88,88.02,897935,https://img1.qunliao.info/fastdfs3/M00/B5/71/180x135/crop/-/ChOxM1xC14aAVBdRAAJcY1yuxQ8610.jpg
周迅,20万,83,83.02,898625,https://img1.qunliao.info/fastdfs3/M00/B7/FB/180x135/crop/-/ChOxM1xEaoiAL44eAAFqaHU8Xsg790.png
章若楠,20万,88,88.02,899398,https://img1.qunliao.info/fastdfs3/M00/B8/EC/180x135/crop/-/ChOxM1xFwYSACvmdAAJ0fhJuwso638.png
克里斯汀-斯图尔特,15万,87,87.01,899794,https://img1.qunliao.info/fastdfs3/M00/B9/5F/180x135/crop/-/ChOxM1xGvsuAKtqeAAGN86x8p2U352.png
张韶涵,20万,87,87.02,900460,https://img1.qunliao.info/fastdfs3/M00/BA/19/180x135/crop/-/ChOxM1xIUQeAL1TcAAA-1IGJK2Q420.jpg
杨茗茗,30万,90,90.03,901032,https://img1.qunliao.info/fastdfs3/M00/BA/D6/180x135/crop/-/ChOxM1xJr5eAauSTAAQLsFNK5Oo200.png
铃木保奈美,10万,81,81.01,901654,https://img1.qunliao.info/fastdfs3/M00/BB/BF/180x135/crop/-/ChOxM1xK9aSAamuGAAKCmd7I3T0110.png
朴信惠,20万,88,88.02,902213,https://img1.qunliao.info/fastdfs3/M00/BC/67/180x135/crop/-/ChOxM1xMUvaAIXHKAAB94dAAiYM259.jpg
戚薇,20万,87,87.02,902688,https://img1.qunliao.info/fastdfs3/M00/BD/A0/180x135/crop/-/ChOxM1xOaLOAD9O0AAFrhTdbEu0039.png
凯特-贝金赛尔,20万,93,93.02,903404,https://img1.qunliao.info/fastdfs3/M00/BE/3C/180x135/crop/-/ChOxM1xPCEqAaXMQAAVVZ0Us2QM633.png
万茜,20万,90,90.02,903859,https://img1.qunliao.info/fastdfs3/M00/BF/0D/180x135/crop/-/ChOxM1xQOD6AGC_MAAHVXavT60o044.png
薛凯琪,20万,82,82.02,904550,https://img1.qunliao.info/fastdfs3/M00/C0/3A/180x135/crop/-/ChOxM1xR8-WATJKQAAB5OwwVX5g365.jpg
董璇,15万,86,86.01,905026,https://img1.qunliao.info/fastdfs3/M00/C0/D7/180x135/crop/-/ChOxM1xS8VyAMe1DAAPGxI_J0yk543.png
宋茜,20万,87,87.02,905591,https://img1.qunliao.info/fastdfs4/M00/C8/1B/180x135/crop/-/ChNLklxUcnmACjDaAAIK-P-omog500.png
安喜延,10万,83,83.01,905830,https://img1.qunliao.info/fastdfs4/M00/C8/20/180x135/crop/-/ChMf8FxVptWALbEsAAQxYm50OgE199.png
董卿,30万,88,88.03,906302,https://img1.qunliao.info/fastdfs4/M00/C8/21/180x135/crop/-/ChNLklxWcfqARt7MAAH-UFk_j8I174.png
李思思,30万,89,89.03,907033,https://img1.qunliao.info/fastdfs4/M00/C8/27/180x135/crop/-/ChNLklxYXQ2AUV7iAALm5wWFdhY853.png
吉赛尔-邦辰,15万,92,92.01,907647,https://img1.qunliao.info/fastdfs4/M00/C8/2B/180x135/crop/-/ChNLklxbJdSANc_0AAH7QYBA0fU676.png
蒋勤勤,15万,91,91.01,908130,https://img1.qunliao.info/fastdfs4/M00/C8/2F/180x135/crop/-/ChNLklxc8r2AV7h6AAOZLcMkikU539.png
钟欣潼,15万,86,86.01,908611,https://img1.qunliao.info/fastdfs4/M00/C8/32/180x135/crop/-/ChNLklxe4e6AbgQnAAKR2SRAtGE798.png
白石麻衣,25万,92,92.03,909054,https://img1.qunliao.info/fastdfs4/M00/C8/3A/180x135/crop/-/ChMf8FxgWlOASRU0AAhcpkt2VtY277.png
李红,25万,88,88.03,909768,https://img1.qunliao.info/fastdfs4/M00/C8/3C/180x135/crop/-/ChNLklxhjwyATz_GAAW8svYZWx4120.png
詹妮弗-安妮斯顿,10万,88,88.01,909997,https://img1.qunliao.info/fastdfs4/M00/C8/3E/180x135/crop/-/ChNLklxifXiARuE6AASGuK4ulFA047.png
王珞丹,20万,86,86.02,910742,https://img1.qunliao.info/fastdfs4/M00/C8/44/180x135/crop/-/ChNLklxk1UKAWTXYAANKU55Mev8809.png
郑秀晶,15万,88,88.01,911182,https://img1.qunliao.info/fastdfs4/M00/C8/45/180x135/crop/-/ChNLklxlL4KALsvRAAKZZe4IYHo526.png
赵雅芝,20万,93,93.02,911792,https://img1.qunliao.info/fastdfs4/M00/C8/4C/180x135/crop/-/ChMf8FxmvlaAJ0zOAABjyptgUlA492.jpg
谢楠,20万,84,84.02,912197,https://img1.qunliao.info/fastdfs4/M00/C8/4F/180x135/crop/-/ChMf8Fxn89OALxILAAOyfc2EifU186.png
渡边麻友,20万,91,91.02,912565,https://img1.qunliao.info/fastdfs4/M00/C8/52/180x135/crop/-/ChMf8FxpDDSAIIB5AALJz9CNCN0462.png
达达里奥,30万,93,93.03,913219,https://img1.qunliao.info/fastdfs4/M00/C8/55/180x135/crop/-/ChNLklxqiTaAOeFHAAJeMJZp3Zw416.png
郑爽,20万,82,82.02,913808,https://img1.qunliao.info/fastdfs4/M00/C8/5A/180x135/crop/-/ChNLklxr3J2AD4SfAAbkQBdrH3Q254.png
Irene裴珠泫,10万,86,86.01,915115,https://img1.qunliao.info/fastdfs4/M00/C8/66/180x135/crop/-/ChMf8FxusWqAbg1VAABQzwDw4h0753.jpg
林熙蕾,30万,91,91.03,915667,https://img1.qunliao.info/fastdfs4/M00/C8/68/180x135/crop/-/ChNLklxv_0OAe44xAASDQNRC3hA153.png
秦岚,20万,93,93.02,915987,https://img1.qunliao.info/fastdfs4/M00/C8/6D/180x135/crop/-/ChMf8FxxA_yAS7pqAANTMLAKIsg102.png
杨千嬅,10万,80,80.01,916583,https://img1.qunliao.info/fastdfs4/M00/C8/70/180x135/crop/-/ChNLklxyj_iAM3jmAABLtV3ieRI276.jpg
本田翼,20万,85,85.02,917324,https://img1.qunliao.info/fastdfs4/M00/C8/78/180x135/crop/-/ChNLklx0qrCAY8OCAAXw8F1NSPw630.png
瑞秋,15万,85,85.01,917711,https://img1.qunliao.info/fastdfs4/M00/C8/7B/180x135/crop/-/ChMf8Fx07lWAXO_ZAAZpE19FINU811.png
凯特-阿普顿,20万,93,93.02,932913,https://img1.qunliao.info/fastdfs4/M00/C8/EC/180x135/crop/-/ChNLklyUycGAebnRAAYtEb-ThEY594.png
名井南,15万,87,87.01,933292,https://img1.qunliao.info/fastdfs4/M00/C8/F1/180x135/crop/-/ChMf8FyVz--AddIrAALczZ9aJD4479.png
王丽坤,20万,92,92.02,933793,https://img1.qunliao.info/fastdfs4/M00/C8/F4/180x135/crop/-/ChMf8FyXNUCABzV-AALqt69O_Is563.png
任家萱,10万,72,72.01,934269,https://img1.qunliao.info/fastdfs4/M00/C8/F8/180x135/crop/-/ChMf8FyYaPOAHVHaAALbx-NuJTo968.png
张芷溪,15万,90,90.01,935610,https://img1.qunliao.info/fastdfs4/M00/C9/03/180x135/crop/-/ChMf8FycN4uAVcSoAAC5GRh7RWU810.jpg
凯特-温斯莱特,15万,92,92.01,935943,https://img1.qunliao.info/fastdfs4/M00/C9/07/180x135/crop/-/ChMf8FydgviAVpNSAAE3GbmAFIo934.jpg
宫脇咲良,15万,91,91.01,936519,https://img1.qunliao.info/fastdfs4/M00/C9/0A/180x135/crop/-/ChMf8Fye1TqAJEzfAAlz88CN2lU689.png
孙燕姿,20万,90,90.02,938997,https://img1.qunliao.info/fastdfs4/M00/C9/18/180x135/crop/-/ChNLklyjj52AQhpeAAKKgNeW6vc242.jpg
袁洁莹,10万,90,90.01,939487,https://img1.qunliao.info/fastdfs4/M00/C9/1B/180x135/crop/-/ChNLklykZvyAFdH_AACdddwtF3w964.jpg
科洛-莫瑞兹,15万,86,86.01,940373,https://img1.qunliao.info/fastdfs4/M00/C9/25/180x135/crop/-/ChMf8FynJ6uAJuZ3AAQW8dcF01I475.png
张雨绮,26万,85,85.03,941250,https://img1.qunliao.info/fastdfs4/M00/C9/2D/180x135/crop/-/ChMf8FypZWiALyenAABai3t7muE991.jpg
韩佳人,15万,91,91.01,941814,https://img1.qunliao.info/fastdfs4/M00/C9/2E/180x135/crop/-/ChNLklyqM0uAbr_PAADTaVy5HiY282.jpg
袁泉,15万,85,85.01,942442,https://img1.qunliao.info/fastdfs4/M00/C9/33/180x135/crop/-/ChNLklysCliAKg3XAAH1vuQTSRQ023.png
邓紫棋,20万,83,83.02,943095,https://img1.qunliao.info/fastdfs4/M00/C9/37/180x135/crop/-/ChNLklytVNGADl2cAAZtRlRPJdY701.png
赖美云,15万,79,79.01,945092,https://img1.qunliao.info/fastdfs4/M00/C9/4B/180x135/crop/-/ChMf8FyyoZWAcUIUAALIR57JYwo898.png
蔡依林,15万,87,87.01,945938,https://img1.qunliao.info/fastdfs4/M00/C9/4D/180x135/crop/-/ChMf8FyzBLCALuFYAAYUTWjH0mk029.jpg
卢靖姗,20万,86,86.02,947689,https://img1.qunliao.info/fastdfs4/M00/C9/5F/180x135/crop/-/ChMf8Fy3voKAUiPgAADtR8btDj8910.jpg
安吉丽娜-朱莉,15万,92,92.01,948245,https://img1.qunliao.info/fastdfs4/M00/C9/62/180x135/crop/-/ChMf8Fy4tqyAGInEAACBXI_wmZE790.jpg
李艺彤,10万,71,71.01,949220,https://img1.qunliao.info/fastdfs4/M00/C9/69/180x135/crop/-/ChMf8Fy7Cs-AeJwxAACkDFS_U8w613.jpg
松岛菜菜子,10万,87,87.01,949220,https://img1.qunliao.info/fastdfs4/M00/C9/69/180x135/crop/-/ChMf8Fy7Cs-AeJwxAACkDFS_U8w613.jpg
杨采妮,10万,87,87.01,1033809,https://img1.qunliao.info/fastdfs4/M00/C9/FE/180x135/crop/-/ChNLklzhHmmAWpPoAADv94Cmy3I306.jpg
祝绪丹,15万,83,83.01,950556,https://img1.qunliao.info/fastdfs4/M00/C9/75/180x135/crop/-/ChMf8Fy9ixKAcPWNAAjzVtnRraM314.png
布丽-拉尔森,15万,78,78.01,951016,https://img1.qunliao.info/fastdfs4/M00/C9/7A/180x135/crop/-/ChNLkly_eiWALTIUAAEh6t7y4wA031.jpg
周海媚,15万,89,89.01,953347,https://img1.qunliao.info/fastdfs4/M00/C9/84/180x135/crop/-/ChMf8FzBwdqAbR3wAADBTqsEdvk670.jpg
糖糖,15万,95,95.01,953658,https://img1.qunliao.info/fastdfs4/M00/C9/83/180x135/crop/-/ChNLklzChbKAP1n7AARl1c0kzWA199.png
崔雪莉,15万,80,80.01,954549,https://img1.qunliao.info/fastdfs4/M00/C9/87/180x135/crop/-/ChNLklzEDo6AIMHeAAQCFNtw50Q709.png
吴谨言,15万,74,74.01,955682,https://img1.qunliao.info/fastdfs4/M00/C9/8E/180x135/crop/-/ChNLklzFj_6AMUFFAAL-q8-5guI042.png
刘惜君,15万,84,84.01,956445,https://img1.qunliao.info/fastdfs4/M00/C9/93/180x135/crop/-/ChNLklzGsleAM_YNAALF9Z_0Xkk864.png
杨恭如,10万,88,88.01,957967,https://img1.qunliao.info/fastdfs4/M00/C9/9E/180x135/crop/-/ChMf8FzJd0qAQMB8AAhp2kQwnIE899.png
堀北真希,10万,81,81.01,958601,https://img1.qunliao.info/fastdfs4/M00/C9/A3/180x135/crop/-/ChMf8FzLqnOAdJOqAAMIq7DZ7Xk286.png
凯拉-奈特莉,10万,90,90.01,959106,https://img1.qunliao.info/fastdfs4/M00/C9/A4/180x135/crop/-/ChMf8FzL4ZeAQ8DpAAjPHZSeHvA732.png
陈都灵,20万,88,88.02,959812,https://img1.qunliao.info/fastdfs4/M00/C9/A7/180x135/crop/-/ChMf8FzNFXaAVwFWAANf_4zAwV0225.png
安以轩,10万,86,86.01,960962,https://img1.qunliao.info/fastdfs4/M00/C9/AE/180x135/crop/-/ChMf8FzOqWCAdbHLAAOAoOQrsZg389.png
奚梦瑶,10万,76,76.01,961776,https://img1.qunliao.info/fastdfs4/M00/C9/B5/180x135/crop/-/ChMf8FzQEnGAAbRbAAVwQ4eh15s817.png
吴宣仪,30万,68,68.03,825847,https://img1.dongqiudi.com/fastdfs3/M00/74/54/180x135/crop/-/ChOxM1vIPpOAZT8AAAHza_WMyRk175.png
关之琳,20万,88,88.02,812559,https://img1.dongqiudi.com/fastdfs3/M00/6B/94/180x135/crop/-/ChOxM1u1gx2AZ7qmAABi3gRdHS8715.jpg
佟丽娅,22万,93,93.02,795697,https://img1.dongqiudi.com/fastdfs3/M00/60/A7/180x135/crop/-/ChOxM1ufUh2AJdR0AABXtcU22fg956.jpg
杨丞琳,7万,45,45.01,1168209,https://img1.qunliao.info/fastdfs4/M00/CA/F7/ChMf8F0pTOKAaefqAA5nOMM0LK0171.jpg
